frame_path,color_1_r,color_1_g,color_1_b,color_2_r,color_2_g,color_2_b,color_3_r,color_3_g,color_3_b,color_4_r,color_4_g,color_4_b,color_5_r,color_5_g,color_5_b,color_6_r,color_6_g,color_6_b,color_7_r,color_7_g,color_7_b,color_8_r,color_8_g,color_8_b,color_9_r,color_9_g,color_9_b,color_10_r,color_10_g,color_10_b
output_0000001.png,236,236,236,4,4,4,12,12,12,228,228,228,244,244,244,180,240,240,180,240,240,180,240,240,180,240,240
output_0000002.png,4,4,4,52,94,74,28,52,44,12,20,20,4,20,12,8,4,4,4,8,24,4,12,4,8,4,4
output_0000003.png,123,133,190,169,112,63,102,72,40,16,12,9,64,47,28,204,180,221,59,99,89,84,157,108,45,54,100
output_0000004.png,89,75,93,90,125,155,82,115,116,9,18,17,16,79,97,20,49,60,42,73,63,47,40,39,84,68,141
output_0000005.png,148,216,218,93,162,153,15,24,25,129,164,186,69,115,131,145,155,155,50,97,92,74,68,81,20,188,124
output_0000006.png,118,180,187,12,15,12,190,212,203,95,108,56,75,103,112,107,141,110,146,229,238,33,150,152,56,62,149
output_0000007.png,125,194,177,189,231,203,16,28,27,112,123,97,93,139,184,63,125,116,51,83,74,43,91,110,176,107,115
output_0000008.png,132,193,178,18,26,20,78,119,98,148,128,98,84,140,154,53,87,88,48,75,60,87,78,50,20,164,84
output_0000009.png,118,168,132,16,17,14,77,99,60,134,233,240,32,150,147,204,209,193,92,106,85,161,222,187,172,68,116
output_0000010.png,193,191,116,17,18,10,144,173,102,128,128,64,100,108,59,85,82,37,61,65,32,120,145,101,165,116,19
output_0000011.png,202,194,120,155,166,107,24,22,9,132,106,37,79,63,17,91,101,56,178,108,55,124,140,100,57,84,52
output_0000012.png,207,187,112,31,28,12,146,122,36,104,85,17,111,120,73,156,176,116,78,86,47,127,155,108,185,91,56
output_0000013.png,202,188,90,6,6,5,251,250,207,107,73,37,246,233,150,121,104,50,149,119,52,213,199,32,81,92,44
output_0000014.png,203,176,102,69,78,48,151,129,70,4,4,4,110,106,63,166,180,113,117,127,79,180,116,52,166,164,124
output_0000015.png,37,39,29,74,199,91,209,199,79,94,94,69,119,119,85,81,127,78,68,87,59,126,140,141,100,104,95
output_0000016.png,154,208,215,120,173,188,19,26,27,110,153,154,87,111,125,169,159,149,106,97,89,69,96,96,164,188,124
output_0000017.png,128,176,201,137,166,129,17,21,20,83,107,127,143,130,114,86,107,79,49,63,70,83,75,67,107,77,176
output_0000018.png,124,191,192,192,199,199,12,23,25,127,122,117,108,148,165,79,117,122,74,75,68,68,86,96,156,164,100
output_0000019.png,147,185,201,24,30,29,180,181,120,107,165,140,91,112,125,103,101,82,57,70,83,74,97,85,32,183,179
output_0000020.png,121,195,203,28,31,30,95,140,175,96,129,111,57,88,112,61,81,75,99,88,63,147,182,85,157,149,137
output_0000021.png,161,219,227,63,103,97,7,8,10,118,163,194,161,149,130,127,146,133,84,99,27,78,132,148,100,161,155
output_0000022.png,15,18,21,168,201,222,58,76,132,59,135,170,124,141,128,151,159,70,100,181,209,104,125,183,141,162,185
output_0000023.png,12,16,16,114,159,149,146,222,229,23,162,130,105,94,96,200,217,215,96,87,64,130,198,213,124,66,134
output_0000024.png,129,203,202,110,157,174,15,24,23,89,136,121,156,139,117,95,87,69,62,95,105,48,84,78,157,208,73
output_0000025.png,233,226,228,198,178,149,4,4,4,150,145,165,13,12,12,151,128,103,175,153,128,189,183,183,124,108,100
output_0000026.png,8,9,9,171,210,210,62,125,168,151,78,70,158,183,145,99,168,185,105,85,145,152,134,178,216,184,226
output_0000027.png,35,37,41,87,154,181,145,211,222,101,150,144,88,118,135,80,98,101,113,113,110,179,236,103,166,160,160
output_0000028.png,23,28,25,110,175,179,154,212,224,168,166,95,125,150,118,87,119,125,77,99,92,124,119,71,142,208,97
output_0000029.png,194,203,179,17,24,18,118,208,222,91,149,142,92,163,184,121,115,71,67,114,123,66,94,70,57,75,183
output_0000030.png,167,239,243,25,209,220,5,21,30,23,114,122,20,138,165,18,75,104,11,60,81,88,44,77,14,179,103
output_0000031.png,148,228,233,6,21,24,53,111,110,42,133,155,132,139,128,21,80,97,28,67,70,74,76,69,148,156,124
output_0000032.png,60,225,238,14,33,38,140,136,133,46,128,135,42,158,183,29,92,96,92,91,93,32,103,119,156,172,148
output_0000033.png,131,223,229,9,29,35,56,126,129,82,153,165,24,85,88,34,95,111,126,125,125,84,55,71,98,166,111
output_0000034.png,32,239,246,16,27,32,130,123,120,47,120,134,46,151,174,29,86,93,36,94,113,82,52,70,76,172,156
output_0000035.png,132,230,234,138,146,145,10,25,28,112,129,127,137,161,170,81,88,90,94,103,111,54,77,77,139,180,156
output_0000036.png,154,165,152,20,17,26,147,100,115,61,129,141,90,38,59,130,167,186,48,106,105,26,74,77,30,82,99
output_0000037.png,71,182,190,98,162,149,126,120,106,7,23,27,46,111,130,80,99,92,73,74,71,19,67,83,31,100,172
output_0000038.png,5,9,8,67,142,73,21,222,244,151,140,164,71,173,157,26,135,165,90,217,228,15,170,208,55,91,149
output_0000039.png,56,146,117,6,12,13,203,249,247,58,133,45,113,232,212,80,189,199,127,154,129,33,81,83,124,60,124
output_0000040.png,121,217,211,17,24,26,88,161,178,93,137,130,100,91,66,161,156,110,64,106,117,47,94,84,148,180,92
output_0000041.png,195,182,107,20,28,28,167,146,84,91,129,124,90,146,165,70,99,109,101,88,59,101,208,220,49,81,76
output_0000042.png,104,180,189,123,203,208,22,25,25,113,159,155,94,126,130,156,148,128,106,101,84,77,104,62,159,179,186
output_0000043.png,167,208,195,101,193,196,16,25,29,74,124,122,78,143,152,92,49,71,42,74,74,48,84,96,85,180,87
output_0000044.png,10,12,11,105,149,127,122,217,222,198,195,191,78,178,206,66,63,46,29,75,81,77,83,69,152,172,149
output_0000045.png,70,132,136,156,225,221,4,4,4,143,132,123,82,176,191,72,102,86,26,122,139,47,79,80,54,78,60
output_0000046.png,158,220,212,15,28,30,34,122,108,157,132,113,102,153,167,84,76,75,57,92,104,27,84,82,161,189,90
output_0000047.png,159,236,221,25,152,212,87,151,129,9,20,22,42,110,121,200,151,148,32,89,87,89,110,85,174,197,88
output_0000048.png,95,160,148,49,108,122,32,84,92,4,9,11,9,42,50,23,58,70,89,98,100,96,124,92,49,54,60
output_0000049.png,221,169,170,153,229,235,91,63,61,4,6,6,69,118,132,68,95,113,145,123,110,87,138,173,180,92,171
output_0000050.png,121,177,184,4,4,4,67,78,115,110,120,115,47,127,171,79,158,174,76,110,154,173,171,145,140,140,84
output_0000051.png,84,128,122,10,25,31,106,186,192,138,130,118,90,158,181,88,89,82,26,80,114,33,84,90,4,172,132
output_0000052.png,66,116,109,4,5,6,186,217,176,52,192,219,141,180,152,97,216,216,67,106,66,86,180,173,30,60,92
output_0000053.png,102,121,107,11,14,14,126,234,250,69,184,215,191,193,143,87,107,51,24,108,119,150,178,133,84,60,100
output_0000054.png,13,14,13,117,163,158,213,227,189,90,97,93,70,75,61,119,121,100,168,230,232,154,212,191,50,124,105
output_0000055.png,21,27,29,141,199,193,113,144,184,110,130,123,104,96,86,159,132,125,84,97,120,72,81,76,130,172,132
output_0000056.png,120,216,186,26,32,33,103,158,138,189,223,215,125,165,181,118,107,98,78,112,129,77,100,91,115,205,69
output_0000057.png,22,28,31,140,205,203,106,134,131,107,152,178,106,97,85,84,94,119,78,85,78,164,125,133,116,172,132
output_0000058.png,149,178,141,5,5,5,88,140,139,90,119,115,169,220,220,65,122,130,175,221,193,82,92,68,65,81,100
output_0000059.png,189,186,181,22,29,34,115,106,90,66,114,128,100,167,191,70,141,161,80,71,68,51,87,105,163,83,96
output_0000060.png,124,230,195,191,231,216,19,25,26,102,144,132,116,164,185,81,95,83,119,95,95,74,106,117,70,215,69
output_0000061.png,106,191,169,163,207,189,15,28,30,94,130,111,99,148,163,95,86,68,66,87,108,46,83,72,171,91,141
output_0000062.png,123,231,194,25,29,30,193,230,222,103,150,135,114,166,188,84,101,89,129,104,104,78,115,127,90,224,78
output_0000063.png,122,228,196,21,25,27,185,232,219,111,146,135,82,97,87,104,162,181,119,95,91,74,108,123,110,228,80
output_0000064.png,22,85,84,158,195,185,61,153,180,4,4,4,166,143,121,72,140,148,52,118,142,87,107,103,25,44,36
output_0000065.png,135,228,200,24,33,33,195,234,226,140,144,126,95,96,82,93,137,131,114,163,184,77,109,123,98,224,74
output_0000066.png,113,192,175,18,31,31,127,127,90,71,129,103,80,72,70,66,150,161,57,92,104,39,82,77,12,164,84
output_0000067.png,14,22,18,89,102,74,86,214,202,77,128,112,21,210,198,91,158,129,181,226,211,138,213,200,66,76,84
output_0000068.png,105,195,178,20,33,35,70,134,108,160,151,119,77,159,163,95,79,72,50,97,104,189,213,177,39,93,84
output_0000069.png,95,170,146,4,4,4,203,226,187,92,126,54,146,240,211,34,156,125,70,109,89,146,186,152,134,226,191
output_0000070.png,116,181,160,18,30,29,55,126,99,148,141,105,52,148,157,41,85,76,86,69,71,60,93,104,33,164,84
output_0000071.png,14,23,20,90,100,72,89,213,200,20,212,199,83,127,112,178,215,196,96,161,131,139,214,203,4,76,124
output_0000072.png,113,187,170,15,29,28,81,116,91,143,133,102,51,143,162,64,83,97,34,76,69,89,67,67,12,156,66
output_0000073.png,94,156,133,18,18,21,170,153,133,97,213,218,91,92,93,96,79,59,21,106,112,72,65,108,84,212,188
output_0000074.png,12,15,17,26,201,169,38,115,56,15,155,111,62,246,231,96,239,224,32,121,94,25,158,135,57,76,92
output_0000075.png,179,164,78,161,142,66,22,24,18,104,129,81,100,82,43,70,71,46,106,148,137,61,85,84,140,44,56
output_0000076.png,118,126,73,130,166,116,22,24,17,80,111,76,78,78,44,55,75,54,63,131,141,180,191,152,27,89,106
output_0000077.png,143,181,138,151,143,117,138,205,195,14,25,22,79,134,91,92,98,81,25,88,69,84,98,117,94,132,172
output_0000078.png,119,193,182,191,215,169,17,21,19,85,145,161,124,125,89,71,116,114,70,66,51,59,83,92,180,79,88
output_0000079.png,121,219,198,18,22,22,97,162,182,111,106,65,110,154,117,170,159,122,83,110,122,77,93,67,78,233,82
output_0000080.png,144,208,190,13,22,23,65,122,112,142,122,101,49,133,165,34,84,99,37,76,73,85,76,67,117,166,79
output_0000081.png,105,208,199,29,37,30,63,173,172,93,153,128,108,114,81,73,126,112,71,111,85,162,171,123,169,188,108
output_0000082.png,10,13,12,95,143,112,207,217,178,61,86,52,66,209,219,28,132,118,146,222,184,161,184,140,115,60,116
output_0000083.png,132,196,169,14,34,33,91,153,115,162,143,97,88,105,82,46,104,80,87,160,195,58,117,111,103,180,76
output_0000084.png,72,95,66,188,227,191,13,14,13,31,173,195,106,112,91,76,186,178,139,150,108,126,210,176,46,57,84
output_0000085.png,195,217,167,121,194,131,16,28,22,108,154,172,99,140,111,61,94,58,68,105,106,116,98,66,174,79,81
output_0000086.png,215,204,143,123,202,39,24,26,10,146,128,74,88,75,36,78,128,19,81,94,78,127,151,134,181,92,62
output_0000087.png,107,149,117,6,7,7,158,211,179,32,84,76,85,147,205,65,85,70,43,66,40,83,106,72,164,179,134
output_0000088.png,51,90,57,164,220,175,184,144,96,107,157,102,120,106,69,4,4,4,105,170,187,121,201,57,91,118,114
output_0000089.png,180,165,112,138,172,147,21,31,28,116,97,74,78,104,78,65,84,66,118,143,152,63,89,94,157,60,61
output_0000090.png,122,182,172,25,33,24,193,171,124,132,119,81,90,141,113,104,160,183,91,75,57,72,94,99,188,84,88
output_0000091.png,169,184,147,21,30,27,170,135,85,107,127,103,68,89,70,118,63,49,116,146,159,67,97,104,188,164,84
output_0000092.png,176,217,160,24,31,14,167,141,90,96,134,61,110,84,44,113,200,32,124,152,160,59,94,38,63,97,92
output_0000093.png,116,191,134,44,122,166,5,15,9,42,108,84,126,131,102,13,60,49,116,179,57,21,72,72,68,63,47
output_0000094.png,95,193,143,7,24,18,22,119,92,13,78,60,28,144,149,100,147,73,101,156,68,13,92,84,53,78,34
output_0000095.png,99,173,159,5,5,6,21,156,148,65,105,117,98,159,97,103,135,62,49,67,130,156,157,158,90,226,129
output_0000096.png,21,38,31,211,211,173,85,119,98,50,87,73,117,161,130,98,95,73,57,99,92,148,124,95,62,145,141
output_0000097.png,99,176,162,5,6,7,19,136,138,88,110,114,104,140,69,50,67,129,100,168,104,146,163,160,87,226,131
output_0000098.png,103,186,171,6,7,7,20,147,148,91,116,121,53,74,138,112,149,68,106,181,104,159,166,167,92,237,136
output_0000099.png,155,189,150,142,138,103,6,18,14,32,115,92,17,71,55,74,78,53,23,91,76,43,153,140,92,164,84
output_0000100.png,90,157,147,7,9,9,71,91,93,61,84,60,22,122,121,104,59,121,108,199,171,84,129,94,143,137,149
output_0000101.png,91,170,175,30,135,208,8,18,13,65,114,87,123,135,96,27,72,60,73,69,48,39,74,98,130,168,63
output_0000102.png,109,195,182,8,10,11,82,110,112,78,106,75,26,152,151,144,213,205,128,73,153,181,135,173,99,160,116
output_0000103.png,118,184,178,17,27,18,81,124,107,33,142,197,150,146,115,47,85,72,45,92,101,96,88,68,144,177,70
output_0000104.png,134,185,180,15,26,20,139,133,93,73,117,102,76,135,167,84,75,51,29,81,87,34,76,64,156,156,92
output_0000105.png,103,108,73,115,213,174,6,8,7,103,160,138,33,74,60,98,169,174,112,154,105,162,161,116,153,200,69
output_0000106.png,159,210,164,27,28,26,82,145,105,87,163,162,157,148,95,25,101,71,92,86,65,148,206,59,60,102,111
output_0000107.png,96,205,164,22,32,25,160,140,104,65,153,112,83,160,181,111,91,68,53,104,76,84,108,119,144,193,24
output_0000108.png,157,206,164,19,20,19,82,144,107,152,153,99,90,87,64,91,164,162,21,97,70,54,100,112,160,199,64
output_0000109.png,124,199,166,216,209,140,25,33,26,125,142,105,87,127,98,114,158,162,76,79,61,55,93,96,180,108,132
output_0000110.png,135,186,172,20,19,18,78,115,92,148,114,92,98,142,154,92,43,55,168,170,65,51,67,57,112,66,88
output_0000111.png,135,207,179,78,131,97,13,19,15,161,125,97,100,151,165,91,74,56,73,87,92,46,83,62,156,178,51
output_0000112.png,145,196,178,86,128,103,14,16,15,154,134,98,109,159,167,93,53,61,45,73,59,180,179,69,102,78,96
output_0000113.png,129,199,172,77,123,91,12,18,14,159,121,98,97,145,159,44,74,56,90,70,58,79,79,93,157,174,47
output_0000114.png,145,197,178,83,127,100,15,17,15,154,135,98,110,159,161,91,52,59,45,73,57,102,69,87,179,179,69
output_0000115.png,132,209,179,17,24,19,80,137,101,160,128,101,105,155,169,102,83,61,52,90,66,82,94,100,132,177,55
output_0000116.png,130,237,229,212,229,185,22,19,13,118,167,116,75,174,174,69,119,110,84,101,57,126,114,57,187,109,54
output_0000117.png,136,208,180,83,133,100,14,18,15,169,133,104,107,152,174,51,82,63,99,73,65,83,83,100,162,193,23
output_0000118.png,143,195,176,88,127,101,16,17,16,155,137,96,112,160,160,95,52,61,39,75,58,179,178,69,105,77,96
output_0000119.png,146,194,174,17,18,17,155,129,92,86,124,98,99,152,158,92,53,58,44,75,60,174,170,66,97,74,88
output_0000120.png,136,200,175,78,124,94,14,19,15,98,146,160,157,126,97,47,73,55,96,71,61,78,80,92,138,169,52
output_0000121.png,17,15,4,178,158,29,47,46,6,61,57,7,99,88,10,69,68,8,44,34,5,124,116,15,52,52,28
output_0000122.png,204,185,128,17,26,27,46,206,131,61,117,101,33,77,73,47,83,106,202,74,162,94,52,65,81,136,171
output_0000123.png,136,212,213,61,89,85,4,5,6,110,167,176,168,143,118,95,158,150,75,134,140,127,128,115,53,56,42
output_0000124.png,181,221,207,110,217,198,95,129,118,5,17,17,91,144,159,28,68,63,25,80,90,98,77,79,26,190,79
output_0000125.png,20,34,35,144,212,211,96,149,144,112,167,175,167,147,126,74,103,97,78,120,121,107,105,90,110,180,148
output_0000126.png,4,4,6,4,11,28,4,12,12,4,12,20,4,12,4,4,4,20,12,12,10,20,4,7,4,20,8
output_0000127.png,132,227,215,17,28,27,108,168,187,94,150,135,165,149,127,102,100,93,71,116,124,53,93,82,27,203,94
output_0000128.png,131,212,221,13,26,28,169,147,130,89,148,138,118,164,186,98,104,94,70,111,126,67,102,96,206,189,100
output_0000129.png,90,54,4,66,38,4,118,74,5,15,8,4,48,28,5,70,61,11,49,46,40,36,36,16,108,52,20
output_0000130.png,148,198,137,133,156,119,25,17,7,141,136,69,182,148,85,132,103,32,104,82,35,77,81,52,100,180,132
output_0000131.png,95,178,155,18,20,19,88,116,92,55,138,149,151,120,88,96,53,44,53,70,58,20,73,91,137,156,100
output_0000132.png,187,164,31,117,104,63,13,23,24,114,159,120,66,108,84,66,61,42,11,61,83,92,139,125,156,92,4
output_0000133.png,98,173,151,18,20,19,88,115,90,148,112,80,53,131,146,89,53,42,52,68,56,26,72,91,156,148,84
output_0000134.png,190,161,48,118,163,126,16,23,21,108,101,63,52,110,89,51,69,50,11,63,94,61,132,132,148,68,60
output_0000135.png,108,178,151,18,22,18,99,128,92,159,133,67,61,140,159,96,88,57,50,77,53,20,85,96,197,188,76
output_0000136.png,147,191,148,19,25,22,89,113,85,164,130,82,94,85,52,60,77,58,56,88,90,111,171,49,100,148,140
output_0000137.png,10,19,10,206,237,214,115,124,64,99,91,44,109,164,121,173,174,117,30,161,116,175,156,172,147,218,180
output_0000138.png,215,219,194,147,221,182,24,26,13,163,153,163,153,139,74,114,148,98,107,93,37,98,109,99,129,192,83
output_0000139.png,202,146,141,21,16,20,76,83,109,127,101,111,137,159,143,79,55,67,140,121,166,80,88,82,203,46,140
output_0000140.png,208,136,144,18,13,16,112,75,88,129,113,146,60,42,51,154,69,66,75,58,76,140,116,121,76,68,68
output_0000141.png,131,212,237,4,4,4,108,228,252,125,222,248,132,220,236,152,233,251,164,237,251,140,227,251,96,216,188
output_0000142.png,19,26,27,130,189,69,158,214,228,88,103,89,145,174,137,37,101,92,194,190,143,79,149,49,36,71,135
output_0000143.png,101,141,57,9,14,15,166,240,244,142,139,122,162,168,140,104,180,197,56,119,123,216,251,251,36,76,124
output_0000144.png,17,25,26,175,248,250,106,149,73,158,162,146,104,171,176,66,102,143,63,147,152,135,217,228,181,197,168
output_0000145.png,12,14,13,129,171,56,123,182,214,160,169,135,50,85,83,92,100,84,186,137,102,140,212,12,103,65,138
output_0000146.png,14,22,22,109,127,92,196,251,251,144,154,140,73,143,163,114,186,211,171,183,147,148,219,233,32,81,136
output_0000147.png,131,201,233,12,15,16,130,181,53,164,168,134,50,92,94,94,107,90,176,154,100,76,75,135,148,220,41
output_0000148.png,16,23,22,140,209,236,136,193,52,172,175,140,96,104,83,48,92,96,129,148,61,131,67,144,188,164,107
output_0000149.png,107,117,91,16,23,24,165,243,246,127,143,141,67,127,154,106,178,199,156,183,148,209,251,251,62,74,134
output_0000150.png,150,211,246,193,224,206,8,19,22,89,136,138,34,79,84,108,159,180,61,108,116,146,108,89,172,116,94
output_0000151.png,14,24,25,176,239,242,105,157,190,108,123,100,220,252,252,77,129,150,72,100,143,142,156,154,152,181,165
output_0000152.png,13,15,16,165,224,243,160,145,114,116,172,35,53,90,97,89,113,112,129,208,168,166,173,171,138,56,139
output_0000153.png,162,222,186,165,141,112,22,33,31,132,199,54,82,149,96,115,164,182,109,96,79,59,88,82,67,103,104
output_0000154.png,16,23,23,110,150,61,189,249,251,150,148,127,68,116,121,161,183,148,149,222,233,120,200,207,41,84,124
output_0000155.png,171,202,202,127,172,98,5,6,5,82,99,92,63,89,52,42,53,51,127,120,107,72,57,54,68,100,140
output_0000156.png,14,30,28,195,198,97,191,233,208,88,72,53,94,137,111,143,116,77,139,191,88,196,249,26,50,157,146
output_0000157.png,193,217,175,110,155,111,6,7,6,87,112,86,55,84,69,45,56,48,74,114,144,140,132,116,36,59,69
output_0000158.png,152,214,104,208,211,110,151,129,87,14,26,24,62,122,108,73,73,58,67,152,158,32,86,98,196,108,76
output_0000159.png,184,92,119,22,16,20,145,84,88,136,151,96,127,50,155,85,46,106,96,113,79,101,50,60,76,42,54
output_0000160.png,115,209,180,47,112,83,29,141,136,8,14,11,71,65,17,11,68,83,28,59,45,134,136,112,172,156,92
output_0000161.png,14,24,24,18,209,209,26,124,115,88,85,95,45,83,83,84,95,108,60,57,61,66,66,77,33,154,165
output_0000162.png,140,188,147,27,37,35,194,214,156,130,144,102,92,129,110,73,157,173,86,90,73,66,102,112,194,77,61
output_0000163.png,139,190,159,26,29,19,126,151,116,181,198,148,85,95,58,103,164,167,112,111,76,81,102,99,103,182,66
output_0000164.png,125,182,165,190,202,143,19,21,22,129,128,106,89,111,99,84,146,170,81,71,65,71,84,98,172,100,116
output_0000165.png,190,179,133,135,198,200,25,32,29,144,148,122,98,140,125,116,165,176,84,107,106,88,93,78,166,192,88
output_0000166.png,173,208,134,20,32,11,111,142,66,153,161,82,68,93,79,108,157,148,97,108,64,62,96,15,76,188,171
output_0000167.png,150,207,184,23,27,17,180,159,107,124,164,156,117,139,94,72,94,91,108,102,68,78,97,27,76,198,184
output_0000168.png,164,223,162,29,36,15,108,148,72,165,154,79,114,111,73,76,101,40,67,190,109,83,83,68,126,170,134
output_0000169.png,193,196,99,51,78,18,124,141,68,113,154,152,140,177,130,114,119,65,4,4,4,90,105,46,92,111,91
output_0000170.png,177,188,90,23,26,11,102,142,38,144,188,177,110,155,150,66,99,15,108,104,36,122,174,22,76,96,90
output_0000171.png,24,34,23,190,232,144,90,98,45,105,140,57,165,163,30,177,190,93,70,138,132,145,160,92,243,242,111
output_0000172.png,179,195,163,138,186,197,26,32,14,114,126,66,108,149,157,111,97,53,67,93,24,72,92,87,176,87,61
output_0000173.png,222,223,91,117,189,135,132,136,19,58,152,161,12,16,10,78,78,32,94,107,16,172,104,62,35,78,76
output_0000174.png,216,230,136,29,39,13,150,174,71,127,127,42,89,115,25,89,138,142,84,80,30,66,91,71,172,98,62
output_0000175.png,219,222,84,126,188,127,62,152,169,135,140,17,13,17,11,81,78,33,97,109,17,173,102,64,42,79,76
output_0000176.png,181,193,99,134,170,117,18,23,10,118,121,33,99,141,146,78,114,20,71,75,23,62,83,77,167,91,64
output_0000177.png,23,32,22,192,234,146,90,98,47,108,146,78,176,167,41,230,250,146,151,165,93,72,136,132,179,194,92
output_0000178.png,25,34,11,186,168,101,104,149,159,117,126,57,147,179,168,65,93,25,111,97,52,65,64,63,140,92,116
output_0000179.png,8,8,6,147,103,41,90,72,25,82,159,134,43,32,10,13,90,166,36,83,32,12,45,85,190,220,133
output_0000180.png,24,22,13,115,100,58,171,168,101,154,133,62,80,67,37,130,133,93,58,61,36,91,92,59,132,149,103
output_0000181.png,10,10,10,166,187,167,122,116,60,49,131,146,56,70,127,117,116,114,145,151,147,147,163,106,103,166,156
output_0000182.png,122,96,29,175,155,59,22,15,4,96,86,24,82,62,14,147,140,43,62,58,13,89,76,36,156,92,31
output_0000183.png,10,10,10,168,189,170,114,115,61,62,121,132,108,116,110,57,70,115,142,155,104,101,168,148,147,153,149
output_0000184.png,28,22,5,188,148,57,123,97,34,86,53,10,153,149,71,97,94,41,65,61,20,108,43,5,88,81,60
output_0000185.png,133,98,22,181,146,46,36,30,4,94,64,9,107,100,19,73,69,9,155,148,43,164,92,28,76,73,28
output_0000186.png,11,17,11,198,224,113,93,148,49,59,219,217,131,227,181,68,177,134,187,68,48,18,220,201,59,139,116
output_0000187.png,15,21,16,199,235,171,128,65,53,99,135,93,162,161,90,114,110,57,153,148,147,191,244,229,55,162,109
output_0000188.png,199,221,137,113,158,62,131,201,117,17,22,13,42,163,146,72,109,62,128,101,59,200,71,66,29,74,71
output_0000189.png,191,211,149,107,130,61,7,9,6,141,205,143,68,132,166,24,83,71,95,141,129,55,64,36,172,100,76
output_0000190.png,131,119,66,206,199,129,18,28,18,103,197,156,89,132,82,88,81,48,195,72,63,39,144,164,25,94,106
output_0000191.png,191,164,63,92,86,26,11,10,5,93,55,18,138,100,26,130,124,51,210,204,142,244,229,108,60,92,76
output_0000192.png,145,114,32,234,225,178,15,12,7,212,169,67,121,22,16,185,164,93,83,72,16,195,185,143,60,68,20
output_0000193.png,20,15,11,123,67,30,209,206,179,206,131,38,114,117,120,171,160,118,168,172,142,163,133,109,76,92,131
output_0000194.png,165,111,48,19,17,9,90,67,35,199,171,98,150,27,20,227,192,106,228,142,81,187,161,121,60,132,92
output_0000195.png,220,222,196,16,11,6,153,119,31,88,49,26,171,152,127,220,185,122,91,79,27,202,191,141,60,76,99
output_0000196.png,206,156,87,153,93,51,26,18,7,163,156,108,96,106,77,97,65,31,92,99,126,204,53,51,70,79,102
output_0000197.png,25,20,15,133,72,36,230,220,180,186,121,52,167,141,112,188,162,116,133,123,103,177,163,138,84,92,113
output_0000198.png,210,173,113,162,92,38,27,19,7,179,157,101,103,63,26,104,106,121,115,100,65,217,62,56,76,70,100
output_0000199.png,125,98,48,225,189,125,7,7,6,68,69,48,172,147,83,154,137,140,90,37,21,176,173,105,201,58,34
output_0000200.png,223,198,120,31,28,9,157,175,176,143,114,58,117,120,139,102,83,36,109,112,71,67,66,84,209,75,35
output_0000201.png,202,151,42,154,114,32,28,27,8,154,173,184,109,71,30,124,122,151,116,113,27,211,49,35,71,68,81
output_0000202.png,225,205,133,28,25,10,158,173,167,141,113,55,98,75,30,125,133,149,107,107,59,52,50,96,219,72,41
output_0000203.png,203,151,42,28,26,8,153,174,189,159,116,32,121,112,32,112,70,29,128,127,157,210,51,36,74,76,104
output_0000204.png,225,206,137,27,25,10,157,174,173,141,114,56,98,77,31,119,126,145,106,106,60,55,53,91,219,71,42
output_0000205.png,203,153,53,159,177,191,153,111,35,26,25,8,105,69,29,115,112,28,130,126,156,210,49,36,72,71,105
output_0000206.png,225,208,135,27,25,10,156,174,172,140,114,59,113,125,144,97,75,35,106,106,61,50,56,88,211,51,38
output_0000207.png,205,152,47,28,26,8,155,175,195,160,118,33,121,112,33,111,70,27,127,124,148,211,53,38,73,68,86
output_0000208.png,208,161,75,152,110,36,24,22,7,162,182,202,106,72,26,138,136,155,115,112,26,207,54,41,70,70,105
output_0000209.png,244,228,137,110,82,14,4,4,4,118,104,93,162,119,18,83,28,15,195,106,8,180,156,72,172,140,132
output_0000210.png,148,122,24,13,12,6,225,105,45,109,33,23,115,79,22,82,73,19,141,136,132,51,47,100,186,164,134
output_0000211.png,228,212,140,26,24,10,157,173,177,141,114,62,96,75,34,122,132,150,105,105,59,57,56,98,200,65,43
output_0000212.png,141,115,26,11,10,5,220,136,54,142,169,195,101,27,22,126,139,152,71,63,23,103,70,22,141,109,84
output_0000213.png,223,204,132,157,173,172,26,24,9,141,114,59,119,126,143,98,77,30,108,106,59,55,54,93,207,63,41
output_0000214.png,204,174,86,35,34,6,140,107,30,156,169,154,122,132,140,93,76,11,77,81,88,191,49,37,104,110,67
output_0000215.png,4,4,4,4,12,4,7,20,6,12,11,6,4,4,12,8,4,4,8,4,4,8,4,4,8,4,4
output_0000216.png,5,6,5,74,142,116,86,120,13,88,224,219,35,81,67,14,126,109,24,182,176,74,124,66,132,148,9
output_0000217.png,92,191,161,20,20,13,76,118,145,68,112,95,113,59,67,72,72,90,81,51,35,201,86,55,127,157,60
output_0000218.png,23,32,27,92,196,177,105,141,115,77,97,74,104,107,71,74,78,54,90,150,170,72,111,104,165,148,122
output_0000219.png,67,177,166,4,11,14,103,113,68,19,124,171,122,140,83,13,105,109,5,59,85,5,46,46,28,36,60
output_0000220.png,196,164,26,104,79,4,8,5,4,52,35,4,131,116,7,68,60,5,140,100,7,65,46,20,36,36,8
output_0000221.png,89,77,4,6,4,4,120,98,4,70,53,4,44,30,4,22,13,4,51,44,4,21,28,4,60,28,4
output_0000222.png,213,249,241,107,228,215,22,30,30,85,134,109,112,88,63,62,92,77,61,157,173,28,99,111,171,91,74
output_0000223.png,15,25,23,26,251,247,156,251,246,108,246,238,69,117,92,63,148,149,16,78,93,104,91,56,4,100,140
output_0000224.png,214,166,141,99,123,81,4,10,13,125,188,146,53,137,150,14,82,89,147,142,85,71,70,63,77,106,22
output_0000225.png,141,238,231,192,251,245,43,86,84,4,4,4,112,113,91,96,145,129,26,107,148,43,143,177,172,124,116
output_0000226.png,16,21,21,12,168,198,86,98,73,187,172,113,108,130,104,21,97,109,27,125,124,4,60,92,124,204,204
output_0000227.png,50,88,78,25,146,155,5,7,7,183,251,242,88,126,111,130,246,228,93,224,208,118,167,140,4,60,124
output_0000228.png,137,249,239,39,87,72,4,4,4,64,143,108,28,177,170,22,114,122,85,117,84,148,174,105,84,196,108
output_0000229.png,153,251,246,18,35,33,57,114,94,98,248,239,31,165,161,19,84,93,91,160,140,35,99,124,108,100,60
output_0000230.png,7,6,6,95,163,118,60,97,76,74,234,228,174,190,137,15,156,151,115,204,166,130,221,175,94,121,49
output_0000231.png,160,249,248,16,36,36,85,91,73,48,128,125,19,98,120,19,145,174,32,89,86,136,125,115,132,172,124
output_0000232.png,88,233,222,183,251,246,17,37,38,66,138,114,54,101,85,29,96,128,29,148,172,89,97,80,160,156,180
output_0000233.png,154,248,248,10,35,37,17,143,177,47,128,127,82,88,76,18,100,125,22,90,91,130,151,118,112,172,116
output_0000234.png,84,236,224,116,146,110,7,21,27,62,178,174,69,144,125,78,90,78,32,91,116,68,63,56,180,196,132
output_0000235.png,85,242,239,22,131,182,10,21,22,80,131,117,86,85,69,29,87,119,44,75,72,154,144,111,125,180,124
output_0000236.png,7,7,7,87,151,108,97,229,224,50,84,72,189,177,90,128,209,160,145,168,113,70,163,158,99,99,31
output_0000237.png,45,115,96,36,87,69,4,8,8,113,250,234,148,251,237,65,163,128,26,214,193,80,188,166,8,60,84
output_0000238.png,124,211,171,67,105,65,4,4,4,17,136,188,82,164,135,101,161,75,123,154,87,166,165,120,123,196,108
output_0000239.png,45,216,201,161,225,202,51,150,162,9,10,10,68,119,106,38,77,79,35,70,63,92,68,85,100,172,116
output_0000240.png,125,247,229,40,110,91,4,4,4,51,167,133,19,184,173,95,138,100,12,54,35,141,173,144,116,196,132
output_0000241.png,41,213,199,32,160,158,8,10,10,160,195,176,60,128,113,31,80,85,36,69,62,90,76,86,28,180,124
output_0000242.png,171,227,206,11,17,17,33,210,203,113,228,212,59,122,134,79,103,84,55,154,129,27,158,169,93,80,136
output_0000243.png,96,70,30,206,167,98,4,4,4,149,98,38,144,134,68,148,169,129,93,108,89,54,27,9,98,150,133
output_0000244.png,87,230,218,59,161,179,11,19,20,28,147,122,132,144,129,81,87,76,61,102,105,39,75,72,12,188,132
output_0000245.png,101,212,209,15,23,19,82,155,118,65,173,176,70,121,113,43,98,82,86,111,82,147,169,132,20,188,108
output_0000246.png,16,33,33,216,238,215,66,199,213,17,162,184,63,143,140,34,115,132,93,110,94,53,96,93,151,148,107
output_0000247.png,79,228,200,65,164,158,13,17,12,136,155,115,77,126,105,63,93,83,51,74,60,79,91,66,156,188,100
output_0000248.png,106,197,171,9,23,21,119,137,89,45,134,124,62,161,171,13,93,102,45,88,70,60,67,45,140,172,84
output_0000249.png,189,190,115,12,12,7,102,103,64,127,121,64,74,70,36,124,141,116,145,168,116,116,84,12,52,68,60
output_0000250.png,95,76,45,232,209,136,11,10,6,140,111,63,122,116,77,45,27,12,142,136,118,170,164,119,180,132,92
output_0000251.png,179,148,82,35,27,12,129,101,47,150,138,74,102,88,42,92,61,29,89,114,113,67,64,58,118,122,121
output_0000252.png,148,113,48,116,87,32,12,8,4,112,154,80,84,79,23,74,44,17,74,55,80,48,39,13,100,34,38
output_0000253.png,181,231,203,52,126,120,4,4,4,15,148,220,72,218,218,118,163,128,22,70,100,67,90,41,203,103,109
output_0000254.png,138,203,151,186,181,146,22,28,22,128,140,98,25,120,189,78,129,97,74,75,51,20,67,103,75,198,53
output_0000255.png,4,9,5,115,124,59,77,112,74,62,71,39,27,42,23,36,64,41,52,84,79,27,45,46,29,26,16
output_0000256.png,174,146,68,118,86,29,20,14,5,143,137,81,78,49,9,88,78,35,57,46,14,100,35,16,71,68,52
output_0000257.png,88,77,52,12,14,7,181,137,28,52,48,23,64,81,66,33,46,17,106,140,124,101,131,124,31,48,71
output_0000258.png,9,8,7,172,189,174,50,72,106,55,148,156,137,138,99,144,129,61,111,166,160,107,132,142,150,197,206
output_0000259.png,26,19,8,123,102,44,190,150,49,142,134,67,77,58,22,58,52,30,89,85,46,57,80,84,121,121,92
output_0000260.png,10,11,11,166,189,167,120,115,61,56,118,136,112,115,117,153,162,104,45,75,125,179,188,196,101,165,160
output_0000261.png,128,203,174,18,32,28,91,39,173,86,135,108,157,148,116,77,15,137,59,90,74,86,100,67,144,179,76
output_0000262.png,119,176,149,21,25,13,185,195,139,82,128,117,101,102,68,69,100,84,52,78,70,65,54,19,144,160,84
output_0000263.png,198,246,200,134,204,158,25,35,20,108,153,92,112,106,34,48,101,95,74,100,58,57,145,154,146,182,35
output_0000264.png,102,198,146,207,234,200,97,139,89,19,23,13,108,90,41,64,88,49,16,140,165,188,92,39,20,89,97
output_0000265.png,145,221,187,19,39,37,64,134,111,46,91,79,37,103,113,114,175,55,97,61,44,28,146,158,156,139,52
output_0000266.png,165,200,196,16,24,26,149,117,137,215,200,167,125,136,105,115,89,101,101,174,179,95,106,75,60,160,191
output_0000267.png,145,219,227,148,150,120,17,20,18,131,172,165,102,124,105,86,94,88,85,80,65,59,72,64,164,188,132
output_0000268.png,109,202,210,195,221,209,55,132,173,11,18,19,109,114,103,69,115,117,58,70,63,16,60,118,166,103,121
output_0000269.png,145,217,224,17,20,19,147,150,119,102,124,104,124,165,159,85,80,65,83,94,88,58,72,64,161,180,124
output_0000270.png,190,227,219,77,146,184,24,27,26,124,204,218,105,139,130,117,102,80,45,95,124,80,93,81,164,180,140
output_0000271.png,23,23,22,98,102,87,161,230,234,120,130,119,145,164,140,96,181,194,64,123,137,160,175,172,165,75,100
output_0000272.png,189,218,209,112,199,209,32,122,182,12,18,19,91,119,121,94,82,72,22,61,121,51,66,63,161,95,112
output_0000273.png,89,156,182,163,234,238,20,22,21,148,155,130,25,73,133,87,83,72,102,134,123,164,196,148,84,196,212
output_0000274.png,135,197,196,9,11,12,218,224,207,97,108,79,22,124,167,95,113,100,121,153,118,103,150,150,4,75,133
output_0000275.png,20,21,21,89,93,83,161,231,237,25,110,167,138,159,140,4,62,143,108,123,120,96,179,195,158,177,177
output_0000276.png,13,15,16,149,203,205,218,229,225,126,133,69,18,139,198,137,160,126,97,122,113,94,187,174,29,76,132
output_0000277.png,149,227,236,88,169,189,145,154,127,86,139,142,10,15,18,20,73,125,85,81,70,49,67,66,165,196,148
output_0000278.png,12,15,15,117,174,180,209,231,226,84,109,57,56,95,115,17,157,196,110,143,111,153,230,236,203,64,133
output_0000279.png,27,121,190,125,203,212,20,26,26,13,82,120,90,135,132,102,88,69,152,144,122,65,81,78,160,172,116
output_0000280.png,144,215,225,146,145,119,95,159,178,11,17,19,88,122,117,21,66,111,82,79,67,47,65,65,164,188,140
output_0000281.png,131,190,196,209,226,224,13,15,16,87,115,58,60,95,118,15,159,212,111,146,110,82,134,142,18,60,108
output_0000282.png,143,213,220,143,146,117,71,145,177,12,19,21,88,121,116,20,66,114,81,80,67,51,72,70,144,180,124
output_0000283.png,30,37,34,153,210,208,78,137,136,172,174,150,158,143,119,120,131,100,71,91,79,110,97,84,110,164,172
output_0000284.png,190,212,179,6,16,46,20,167,231,92,99,82,104,186,204,96,147,134,25,84,174,93,228,242,143,104,111
output_0000285.png,29,35,32,159,221,220,88,142,136,173,158,134,138,176,168,80,120,120,118,108,88,75,99,84,205,197,148
output_0000286.png,4,5,5,228,233,204,141,206,204,19,201,240,61,96,84,117,146,122,83,116,112,71,189,207,188,100,94
output_0000287.png,144,216,224,57,132,174,151,151,124,15,20,21,105,125,112,87,80,66,18,68,121,54,73,72,154,180,132
output_0000288.png,15,18,18,134,198,209,85,99,72,19,132,162,198,232,225,100,119,115,130,150,128,6,32,211,77,160,189
output_0000289.png,192,218,192,14,143,232,41,110,158,78,198,217,9,11,11,98,123,86,14,46,114,85,70,64,148,97,101
output_0000290.png,213,236,220,107,165,161,37,144,223,129,212,212,9,13,14,52,113,147,111,105,89,56,92,88,197,84,132
output_0000291.png,163,161,142,110,163,201,20,27,28,89,145,138,158,213,222,63,105,131,100,99,89,60,89,84,172,196,156
output_0000292.png,194,211,167,55,189,223,16,32,32,19,129,219,111,130,118,48,93,107,97,90,80,48,80,81,148,92,110
output_0000293.png,159,218,230,87,167,192,17,26,28,84,147,145,155,151,124,54,100,133,94,100,89,59,89,89,188,176,184
output_0000294.png,77,162,210,169,230,227,103,144,137,11,19,23,152,158,146,39,93,129,92,92,84,51,79,78,122,215,100
output_0000295.png,14,15,17,117,178,191,23,127,152,88,102,108,134,145,115,71,84,69,159,235,250,197,194,163,121,56,136
output_0000296.png,77,209,234,201,224,187,69,166,206,134,139,126,12,19,19,110,104,92,61,92,99,56,73,69,200,148,194
output_0000297.png,152,213,200,167,159,116,25,30,28,111,143,124,112,172,170,86,110,107,111,103,79,73,89,79,179,188,100
output_0000298.png,157,229,214,38,33,15,120,169,167,124,146,103,92,111,93,141,109,25,176,143,35,99,98,56,193,207,73
output_0000299.png,202,224,195,124,198,156,23,23,17,149,135,43,102,77,12,75,155,141,102,123,93,70,83,74,165,172,76
output_0000300.png,194,227,201,141,208,179,21,27,21,135,137,85,66,121,111,112,160,150,76,82,56,46,98,97,174,112,100
output_0000301.png,164,222,201,29,30,21,162,153,65,118,93,11,110,164,148,130,137,74,67,95,89,68,85,69,165,180,92
output_0000302.png,193,233,209,144,215,188,22,27,20,133,134,80,46,124,110,78,81,50,96,159,152,50,96,88,172,110,90
output_0000303.png,207,239,221,129,209,183,146,131,39,19,21,17,64,84,77,100,155,140,98,74,7,93,122,102,159,173,83
output_0000304.png,139,203,173,189,230,208,135,139,87,16,21,17,71,122,110,72,76,51,108,161,150,65,96,88,178,111,98
output_0000305.png,139,213,191,211,240,220,142,126,35,20,22,18,63,86,79,92,156,141,95,72,8,86,121,102,180,112,117
output_0000306.png,192,227,199,140,207,177,21,28,22,136,140,87,69,121,109,77,82,58,111,161,150,57,98,96,180,108,96
output_0000307.png,141,220,208,197,236,211,87,83,44,90,115,99,146,150,92,4,4,4,120,166,169,107,143,118,167,186,73
output_0000308.png,209,238,217,134,210,188,21,23,18,146,130,39,65,87,80,100,155,141,99,75,6,83,134,110,162,173,88
output_0000309.png,20,23,20,158,228,218,98,97,71,135,151,120,99,169,165,113,123,101,62,114,112,208,251,248,48,67,76
output_0000310.png,135,217,165,198,241,231,18,21,18,153,150,110,115,137,114,96,95,71,118,170,166,80,106,100,188,116,126
output_0000311.png,19,23,20,161,231,222,100,98,71,135,151,120,99,169,164,111,123,103,63,113,112,137,177,160,44,68,84
output_0000312.png,192,229,203,140,205,175,22,28,22,136,141,88,68,122,111,78,84,59,107,160,150,58,97,95,176,110,96
output_0000313.png,16,17,17,145,223,217,86,89,67,88,113,103,117,153,127,47,129,133,118,165,161,88,171,163,24,64,132
output_0000314.png,13,11,11,225,222,192,116,154,132,93,79,39,82,181,219,105,91,79,167,143,109,153,218,218,29,121,151
output_0000315.png,200,236,208,127,224,179,25,26,20,118,151,119,126,112,81,87,93,71,124,177,168,89,117,105,127,220,82
output_0000316.png,170,215,202,106,85,15,137,134,70,20,20,14,113,158,147,162,151,111,68,72,52,71,91,84,148,172,108
output_0000317.png,208,192,100,14,13,9,110,72,39,251,251,204,122,105,62,162,114,51,157,101,33,247,237,153,84,92,64
output_0000318.png,134,212,183,209,216,159,26,29,25,157,130,25,112,89,24,115,159,143,72,100,94,95,131,113,188,108,108
output_0000319.png,198,240,229,138,193,166,24,30,23,144,137,88,96,140,116,87,86,57,56,101,96,99,163,157,182,114,97
output_0000320.png,16,14,20,113,159,166,185,152,186,74,179,224,17,116,148,132,218,239,92,80,65,92,89,115,116,122,109
output_0000321.png,148,120,43,221,190,82,4,4,4,73,67,36,100,71,14,187,172,88,60,36,10,196,132,19,188,164,100
output_0000322.png,165,135,63,8,7,4,94,71,34,113,110,68,87,89,81,55,40,16,61,66,49,142,54,49,36,51,50
output_0000323.png,90,71,31,9,7,4,196,166,142,140,99,49,152,157,133,109,122,127,41,25,8,76,83,92,120,110,77
output_0000324.png,133,148,133,6,6,6,109,111,31,36,112,122,44,44,126,98,88,105,110,131,85,84,133,119,132,172,133
output_0000325.png,157,144,63,12,10,5,93,72,10,53,43,15,60,72,52,114,145,130,48,59,60,87,114,116,132,60,4
output_0000326.png,7,7,7,132,148,132,106,118,38,38,108,116,30,45,114,91,92,101,103,126,86,84,130,116,131,172,132
output_0000327.png,15,11,4,79,54,14,131,100,50,48,35,6,97,85,31,57,53,11,110,24,19,35,36,5,52,44,52
output_0000328.png,139,152,131,7,8,10,47,153,135,134,143,89,90,44,37,78,142,127,118,109,43,114,100,115,172,146,108
output_0000329.png,133,110,53,159,146,76,8,7,4,49,34,6,83,55,15,103,89,40,64,52,19,108,132,116,64,76,52
output_0000330.png,6,5,6,133,134,121,35,125,126,131,126,81,105,102,27,139,145,148,77,137,130,51,41,108,95,82,115
output_0000331.png,165,152,97,17,13,5,102,80,31,60,48,19,134,153,129,72,80,63,43,45,22,112,129,125,57,67,68
output_0000332.png,216,180,111,45,44,35,145,190,99,159,125,77,79,142,79,120,93,73,85,109,94,133,160,134,192,81,42
output_0000333.png,182,152,122,151,226,243,139,128,107,17,20,24,44,159,201,113,96,84,74,75,73,110,98,111,204,188,132
output_0000334.png,140,195,202,14,17,16,109,89,67,139,134,110,101,96,98,99,128,139,204,240,213,44,146,168,112,60,100
output_0000335.png,208,192,135,24,30,34,103,207,230,152,131,108,101,82,86,25,146,193,35,95,139,72,119,142,180,92,92
output_0000336.png,27,28,28,196,207,183,135,200,211,128,101,93,95,75,75,76,142,189,90,118,116,57,89,116,177,103,83
output_0000337.png,138,196,205,14,18,17,143,136,110,104,87,67,100,97,99,99,130,140,43,133,154,194,221,200,152,60,136
output_0000338.png,180,151,123,150,226,238,18,21,25,69,165,200,131,119,106,103,87,78,102,92,107,69,74,75,188,188,110
output_0000339.png,141,199,208,15,19,17,100,103,105,103,87,67,152,140,109,101,134,144,46,139,160,199,213,182,68,60,100
output_0000340.png,120,214,94,183,205,158,25,37,36,124,103,80,78,143,164,66,121,122,185,59,89,57,88,83,57,95,113
output_0000341.png,100,135,72,98,173,197,7,7,6,199,193,129,133,207,144,33,75,48,72,70,46,120,163,136,158,150,75
output_0000342.png,240,226,124,28,23,5,123,93,23,147,151,88,84,63,7,179,99,5,85,103,57,74,79,62,116,128,116
output_0000343.png,228,212,107,144,164,83,124,125,79,15,13,4,80,116,29,79,65,18,53,55,14,180,124,28,80,84,76
output_0000344.png,233,226,114,24,22,5,148,152,82,117,98,31,77,62,8,78,101,54,176,100,4,70,78,62,108,116,108
output_0000345.png,138,92,25,14,10,4,216,178,120,175,141,84,183,150,103,206,142,87,80,41,8,86,61,14,60,52,11
output_0000346.png,125,82,32,202,142,68,24,16,4,88,41,5,64,52,17,156,140,74,99,84,37,164,60,32,100,84,52
output_0000347.png,212,162,74,125,89,29,14,8,4,70,44,12,90,71,25,153,136,72,50,37,11,91,103,52,170,72,37
output_0000348.png,207,158,70,122,89,31,151,131,77,66,41,12,11,7,4,90,69,25,167,67,41,43,33,20,140,116,92
output_0000349.png,145,112,59,20,15,6,212,166,97,101,71,30,118,95,50,78,57,24,169,142,84,86,100,96,182,76,34
output_0000350.png,207,160,73,124,90,30,13,8,4,70,44,11,151,136,78,90,72,26,50,37,11,169,68,36,89,89,60
output_0000351.png,33,25,10,144,111,57,216,170,99,104,76,34,123,100,51,166,152,91,81,68,29,89,105,100,184,76,30
output_0000352.png,128,88,21,13,9,4,196,167,106,163,139,87,182,136,79,157,131,71,76,54,11,67,34,6,52,52,10
output_0000353.png,198,154,89,138,106,55,21,15,6,95,68,30,113,93,48,73,56,24,161,140,79,72,83,78,124,44,20
output_0000354.png,199,157,93,140,105,52,21,13,4,96,52,12,111,91,45,170,140,81,67,40,12,79,98,93,180,76,41
output_0000355.png,209,154,84,130,95,44,20,14,5,84,52,13,98,80,41,56,44,18,156,132,79,166,63,28,100,84,60
output_0000356.png,199,149,84,138,100,47,17,10,4,109,83,39,90,52,9,68,59,36,173,57,17,164,140,60,164,116,108
output_0000357.png,145,108,54,189,137,65,21,13,5,110,91,51,94,51,10,67,40,12,163,140,81,77,74,70,180,68,8
output_0000358.png,55,27,5,167,112,34,120,76,14,4,4,4,90,48,5,126,128,46,85,86,17,76,68,60,148,68,4
output_0000359.png,95,149,128,13,17,12,60,94,76,117,95,61,38,56,42,68,114,109,77,61,34,41,67,60,130,124,76
output_0000360.png,95,153,177,7,8,7,195,226,232,73,83,72,161,216,223,75,106,110,150,190,195,24,134,161,44,68,92
output_0000361.png,29,35,34,121,194,191,202,229,218,98,139,127,85,153,179,111,91,98,57,101,118,77,100,87,177,88,159
output_0000362.png,129,202,212,71,100,103,4,4,4,198,223,224,98,171,200,102,156,149,132,160,151,70,131,156,45,59,48
output_0000363.png,106,165,201,24,26,31,91,141,168,141,204,228,215,235,238,85,110,138,105,51,75,81,94,103,172,188,188
output_0000364.png,14,21,23,180,129,5,88,56,8,58,35,8,29,43,52,38,27,15,31,52,54,124,100,22,68,68,44
output_0000365.png,192,217,224,32,38,38,147,176,184,124,120,107,82,83,77,95,112,113,123,154,167,83,98,111,164,124,92
output_0000366.png,158,203,204,12,25,26,79,114,112,95,148,156,52,89,94,46,75,75,70,88,82,126,145,130,140,172,100
output_0000367.png,126,209,231,27,43,45,94,140,148,83,125,123,115,172,162,69,103,111,86,101,95,124,148,164,116,124,196
output_0000368.png,22,27,28,133,192,202,185,223,226,108,134,125,109,151,175,107,92,83,64,86,81,66,99,116,220,105,161
output_0000369.png,158,203,203,157,131,100,15,24,25,92,114,114,108,142,166,61,80,98,49,74,70,89,73,71,180,164,116
output_0000370.png,62,89,85,166,217,217,95,145,145,4,9,13,99,160,172,161,145,110,80,123,126,40,46,33,123,102,77
output_0000371.png,55,38,12,100,61,6,4,5,5,118,73,6,70,71,32,84,94,63,213,174,90,148,140,84,156,132,92
output_0000372.png,107,119,93,171,206,173,4,4,4,188,162,116,140,175,147,65,72,60,111,180,184,36,73,75,60,61,35
output_0000373.png,10,11,11,135,166,146,205,235,218,42,127,160,140,201,220,102,101,87,180,213,191,125,118,90,78,78,58
output_0000374.png,43,43,36,164,249,251,117,121,103,135,154,142,105,143,147,174,193,168,212,248,239,75,119,128,76,107,124
output_0000375.png,23,36,36,158,233,218,84,114,94,105,136,125,205,251,244,53,116,134,105,195,180,136,177,149,124,100,148
output_0000376.png,11,13,13,135,165,144,205,236,218,38,118,147,102,97,84,181,213,192,152,213,221,87,79,58,122,117,91
output_0000377.png,22,36,36,157,231,216,84,115,94,104,134,122,48,116,133,204,251,242,105,194,179,131,172,146,108,100,148
output_0000378.png,9,10,9,135,165,144,205,235,217,46,117,140,146,200,215,103,101,87,181,213,192,128,119,90,79,78,58
output_0000379.png,13,22,5,78,50,21,125,88,34,51,34,12,28,65,8,79,87,33,167,174,117,51,51,36,108,108,84
output_0000380.png,87,61,16,148,111,39,8,6,4,45,28,4,231,220,185,121,92,108,60,60,13,124,116,60,60,48,36
output_0000381.png,107,117,118,195,232,229,4,4,5,144,222,232,104,173,198,160,129,131,144,188,156,70,49,65,68,60,60
output_0000382.png,177,169,77,13,12,7,48,77,75,98,76,38,42,66,72,61,44,25,38,53,51,119,126,67,132,76,36
output_0000383.png,73,93,64,199,211,177,4,4,4,145,188,167,103,157,177,105,147,136,141,157,115,108,145,84,223,36,48
output_0000384.png,203,188,159,22,34,20,141,188,152,110,140,75,75,101,42,116,76,73,79,71,53,103,142,171,69,101,100
output_0000385.png,195,237,223,134,188,177,20,28,25,113,122,103,78,113,104,94,139,156,69,69,62,68,85,97,171,103,144
output_0000386.png,97,145,138,12,14,15,58,92,90,76,115,116,35,51,50,43,67,68,101,116,97,132,171,23,60,68,52
output_0000387.png,151,205,184,92,133,115,12,18,15,122,162,161,143,136,120,82,71,64,34,79,67,76,94,94,168,172,100
output_0000388.png,189,216,211,155,198,203,17,23,21,118,185,152,100,153,127,143,127,110,100,92,84,51,96,73,80,109,124
output_0000389.png,203,227,193,28,32,11,125,140,85,165,151,88,117,101,62,118,161,148,74,93,27,76,97,84,174,185,63
output_0000390.png,183,196,167,37,41,29,168,143,96,125,141,110,124,82,83,142,156,162,84,100,74,90,106,106,212,172,92
output_0000391.png,205,188,133,89,80,23,149,131,45,4,4,4,169,175,151,154,155,146,118,127,22,220,42,13,59,36,14
output_0000392.png,166,167,121,19,19,13,87,61,34,187,202,211,141,98,37,92,95,73,130,110,71,231,203,143,44,108,104
output_0000393.png,204,184,82,40,40,13,148,123,32,163,170,83,103,122,31,100,84,27,95,90,78,141,145,143,183,80,62
output_0000394.png,153,223,219,17,32,32,103,166,179,79,143,141,57,120,121,52,100,95,83,96,85,144,158,136,136,232,33
output_0000395.png,190,185,163,30,14,16,128,96,83,102,194,184,95,101,75,93,61,55,64,61,46,133,114,162,94,69,100
output_0000396.png,106,195,181,31,27,22,197,204,148,93,129,98,137,117,96,101,85,66,124,134,175,73,82,61,91,83,108
output_0000397.png,210,180,180,121,159,145,26,13,14,56,90,68,115,84,68,126,93,168,78,37,31,168,73,101,75,47,85
output_0000398.png,153,201,183,29,38,31,197,228,209,134,154,104,125,174,172,128,126,74,98,115,78,93,123,114,90,93,66
output_0000399.png,6,19,26,29,204,228,163,178,187,19,84,119,27,117,178,8,52,78,41,190,18,36,113,24,79,54,66
output_0000400.png,210,210,179,14,21,21,108,117,103,132,150,136,52,98,88,31,67,62,113,134,143,46,82,91,152,87,87
output_0000401.png,174,203,172,162,146,95,102,136,80,18,20,17,132,164,155,130,182,51,100,86,60,58,83,54,86,96,87
output_0000402.png,226,226,205,159,184,182,22,25,23,101,123,109,135,134,113,133,160,171,88,89,75,82,104,104,180,156,140
output_0000403.png,18,17,15,88,74,59,229,227,209,126,136,130,124,126,76,156,149,120,163,181,175,180,170,128,68,108,76
output_0000404.png,176,213,208,105,140,71,170,152,104,18,19,15,143,172,164,103,92,62,150,189,90,52,84,45,57,96,91
output_0000405.png,224,223,202,163,186,183,21,24,22,134,133,108,101,123,110,132,157,164,80,101,98,88,84,69,188,164,156
output_0000406.png,89,119,128,6,6,6,186,186,174,143,183,202,62,65,66,109,158,194,29,71,95,146,123,136,34,43,59
output_0000407.png,184,206,212,110,206,246,111,149,192,19,18,19,121,126,136,81,89,120,81,67,66,135,93,73,152,187,63
output_0000408.png,190,171,169,20,25,34,68,209,210,132,141,132,129,111,98,67,102,135,27,152,223,83,95,91,172,76,120
output_0000409.png,194,239,239,137,200,216,17,27,36,102,148,180,132,120,107,83,82,74,91,124,129,53,96,127,172,106,138
output_0000410.png,27,25,24,209,182,160,145,133,83,77,148,193,114,198,211,103,132,117,108,92,52,57,97,119,183,78,91
output_0000411.png,102,98,72,220,174,184,140,182,190,7,10,11,144,177,144,161,132,92,117,146,144,59,42,46,192,175,71
output_0000412.png,153,197,159,206,223,217,21,22,22,118,159,177,97,130,119,139,145,106,88,82,59,76,102,107,205,89,147
output_0000413.png,35,40,44,187,228,231,83,137,185,101,135,133,110,85,88,171,140,124,58,96,134,60,99,93,180,178,104
output_0000414.png,176,186,190,28,32,37,88,144,197,96,114,147,140,184,204,70,90,110,112,119,114,117,95,110,72,88,83
output_0000415.png,28,32,37,188,193,169,133,178,194,59,135,195,120,103,88,100,123,142,65,82,99,85,112,107,189,78,104
output_0000416.png,158,149,145,204,189,199,19,22,27,149,208,235,107,139,155,108,167,203,99,90,91,57,103,143,199,63,144
output_0000417.png,31,36,43,164,154,146,204,184,189,154,193,202,117,165,199,108,97,99,82,113,144,114,140,154,198,70,136
output_0000418.png,208,184,177,27,26,32,125,183,220,132,110,103,85,141,194,96,111,109,88,73,69,62,79,116,177,48,116
output_0000419.png,29,33,40,209,193,200,163,152,143,160,184,190,108,135,147,110,95,91,81,106,132,110,157,189,202,66,127
output_0000420.png,207,180,170,26,25,30,133,107,102,116,190,228,82,136,190,89,75,71,96,116,122,67,85,121,183,40,98
output_0000421.png,195,170,160,25,25,31,113,194,233,68,135,194,117,98,90,91,113,140,43,63,95,83,105,102,164,69,136
output_0000422.png,201,161,169,118,187,207,137,116,104,23,24,25,74,115,129,93,79,66,50,75,88,122,158,152,89,109,104
output_0000423.png,203,178,159,150,127,115,22,26,30,156,190,212,156,153,167,92,82,79,104,113,122,82,92,116,197,65,139
output_0000424.png,25,32,37,132,202,217,205,185,183,138,118,103,112,156,171,90,76,62,87,128,134,66,97,115,196,86,93
output_0000425.png,189,167,154,134,113,106,21,25,30,144,181,204,55,97,126,70,127,180,57,73,85,178,58,129,89,103,94
output_0000426.png,128,195,211,24,31,37,208,186,189,138,116,103,85,121,128,89,76,63,106,151,170,58,91,114,183,84,163
output_0000427.png,196,195,206,156,180,204,128,144,173,129,91,98,15,17,21,93,117,129,83,51,53,69,78,99,140,164,124
output_0000428.png,166,128,115,60,154,201,23,26,30,17,76,128,108,88,78,87,140,127,175,54,71,13,57,95,39,95,87
output_0000429.png,23,135,205,190,215,167,29,27,31,159,129,111,122,91,81,105,138,104,175,196,17,24,93,137,72,82,80
output_0000430.png,167,194,230,143,112,94,169,148,129,16,19,22,88,98,116,95,57,47,101,87,78,47,57,76,94,116,164
output_0000431.png,160,121,79,21,25,27,97,145,192,154,185,204,106,127,134,111,89,71,39,93,134,30,73,97,166,179,46
output_0000432.png,201,158,167,131,102,104,105,179,205,98,136,188,10,21,29,34,77,111,73,63,63,64,112,138,203,57,119
output_0000433.png,173,148,140,100,180,216,10,18,27,79,129,154,109,128,115,100,95,96,197,181,173,63,93,116,39,116,188
output_0000434.png,199,171,167,120,103,97,93,168,194,14,17,20,73,131,183,38,87,120,24,54,78,185,60,98,83,95,90
output_0000435.png,64,166,199,29,32,32,172,162,149,153,131,115,49,110,143,91,73,68,50,79,92,110,110,94,46,92,172
output_0000436.png,23,36,26,189,172,144,89,131,71,193,18,51,86,141,166,59,102,46,113,93,74,65,94,105,113,187,206
output_0000437.png,92,131,133,17,23,25,161,133,109,133,175,199,178,171,139,89,120,96,110,76,60,50,76,87,93,124,217
output_0000438.png,21,26,29,122,164,146,159,129,128,134,178,190,96,132,131,95,115,99,101,79,72,35,70,86,44,116,172
output_0000439.png,172,187,200,156,133,125,24,27,34,114,114,118,119,140,159,67,85,104,108,60,61,60,71,84,40,57,77
output_0000440.png,87,234,249,210,245,247,9,15,20,227,64,128,108,79,96,96,131,159,54,92,112,45,68,90,55,48,61
output_0000441.png,115,209,237,193,246,248,26,32,34,84,139,168,64,108,127,74,65,49,114,115,104,52,86,107,156,124,60
output_0000442.png,12,15,23,129,110,68,46,88,132,190,247,249,104,133,140,99,178,197,166,166,127,138,224,237,33,60,124
output_0000443.png,128,204,230,205,242,251,14,17,20,79,133,166,99,110,112,63,63,62,67,100,114,50,75,102,172,180,204
output_0000444.png,18,18,19,130,167,156,72,106,97,144,87,69,85,47,46,107,123,163,51,75,89,46,68,64,173,155,33
output_0000445.png,214,178,172,28,22,23,126,92,82,84,59,49,192,108,64,97,83,86,155,132,125,155,132,141,100,84,75
output_0000446.png,199,140,116,29,21,19,109,88,82,161,144,139,132,94,78,140,119,110,81,70,70,82,68,59,140,116,124
output_0000447.png,211,170,160,29,23,23,125,92,82,84,59,49,154,132,132,99,84,85,148,123,133,172,65,61,92,75,84
output_0000448.png,199,141,117,30,22,20,154,137,132,108,88,82,133,92,75,81,70,67,119,108,116,74,60,68,168,116,84
output_0000449.png,206,162,150,19,16,16,116,112,132,131,94,82,157,135,138,91,82,90,79,56,54,83,66,76,175,70,64
output_0000450.png,219,176,130,13,11,11,129,93,74,155,128,125,80,55,48,58,55,60,94,85,86,164,148,136,172,100,97
output_0000451.png,214,172,160,29,22,23,126,92,82,84,59,49,99,84,84,151,129,135,174,63,57,94,75,84,156,140,140
output_0000452.png,27,20,20,155,143,144,186,154,145,125,96,87,104,94,96,144,127,120,88,55,42,93,79,72,181,100,63
output_0000453.png,205,162,149,24,20,20,119,84,73,76,52,43,152,125,119,90,77,79,83,68,76,134,116,124,173,66,50
output_0000454.png,147,136,142,110,108,112,187,153,150,18,12,11,150,92,64,102,85,82,191,107,61,70,68,74,73,60,57
output_0000455.png,205,191,139,6,6,4,87,66,30,45,33,16,124,108,55,132,100,53,59,52,21,124,100,60,28,33,28
output_0000456.png,118,139,140,7,7,8,30,101,123,95,96,42,23,47,113,77,84,103,105,127,82,99,105,117,69,124,125
output_0000457.png,130,103,35,80,64,21,18,14,4,98,93,41,55,43,12,42,37,8,59,60,21,113,40,12,60,52,36
output_0000458.png,127,142,131,8,7,6,118,121,26,35,106,125,35,44,70,107,104,69,85,120,120,77,88,101,85,153,175
output_0000459.png,87,69,26,144,109,40,10,8,4,109,101,49,54,37,9,60,61,29,35,38,15,23,52,44,79,26,6
output_0000460.png,6,6,6,123,129,145,105,97,32,24,40,99,28,100,141,111,109,87,74,118,144,117,121,112,105,84,127
output_0000461.png,130,101,34,82,66,23,18,14,4,55,43,12,42,37,8,59,60,22,99,101,43,112,39,17,56,52,36
output_0000462.png,125,143,149,8,8,8,15,39,97,116,125,55,30,111,148,117,128,89,71,139,153,77,87,124,100,150,180
output_0000463.png,154,146,66,91,75,16,10,7,4,53,40,6,65,72,18,115,137,53,79,24,5,36,35,20,120,116,76
output_0000464.png,137,198,188,67,116,96,6,16,15,86,145,142,34,72,54,64,79,63,124,121,107,30,77,89,106,160,73
output_0000465.png,131,204,207,16,24,20,89,149,131,195,247,247,109,99,78,85,160,170,58,93,72,71,120,107,36,148,140
output_0000466.png,188,226,184,24,33,32,97,131,92,36,141,210,157,148,113,101,97,66,72,91,61,53,91,118,150,183,80
output_0000467.png,163,216,185,20,26,27,87,133,63,164,196,24,152,145,103,77,148,178,55,85,99,53,88,47,98,80,66
output_0000468.png,188,226,185,24,32,31,95,133,86,34,141,215,156,145,112,101,96,67,73,90,59,67,92,111,133,181,74
output_0000469.png,14,20,21,172,195,152,116,114,99,54,84,50,160,236,229,47,128,138,93,171,169,141,155,97,12,68,124
output_0000470.png,210,235,193,21,32,31,103,191,169,126,123,93,81,86,58,74,122,84,37,137,207,39,84,113,164,112,100
output_0000471.png,155,232,222,16,25,23,94,158,48,77,165,167,145,138,98,111,195,14,106,104,67,89,112,100,56,111,33
output_0000472.png,191,225,179,22,31,30,101,129,86,102,96,67,39,140,210,155,144,113,71,91,59,127,185,52,51,86,122
output_0000473.png,15,19,18,188,211,164,58,83,48,117,111,92,50,132,138,137,146,105,97,180,186,194,249,232,10,60,100
output_0000474.png,27,44,27,186,204,72,131,183,91,108,147,77,111,111,74,62,109,46,92,154,157,70,109,99,164,92,12
output_0000475.png,192,224,177,24,33,30,102,128,87,40,141,209,103,95,67,154,146,117,71,90,56,69,90,111,125,181,53
output_0000476.png,126,195,177,214,241,198,139,128,101,16,24,22,69,121,100,37,141,190,76,73,60,30,68,104,188,188,144
output_0000477.png,165,238,231,17,27,24,97,165,54,147,141,98,79,171,177,76,119,46,114,201,12,79,118,109,100,81,62
output_0000478.png,6,16,21,15,203,239,178,146,61,13,87,111,9,118,165,5,44,64,107,92,61,81,64,36,4,140,164
output_0000479.png,135,150,112,14,13,11,189,245,217,89,91,66,55,77,58,102,94,38,181,214,171,197,173,121,116,60,84
output_0000480.png,165,189,149,25,25,16,122,126,89,160,139,90,111,80,57,115,153,149,69,74,56,79,86,85,163,164,92
output_0000481.png,153,191,161,152,143,96,22,22,15,116,132,101,102,81,50,106,162,149,105,93,88,67,74,57,174,172,108
output_0000482.png,180,201,160,165,146,92,22,19,13,134,128,85,116,86,33,77,74,45,146,155,141,79,86,78,108,172,24
output_0000483.png,186,213,174,22,24,18,122,133,97,159,152,103,105,80,43,65,76,56,145,161,152,75,95,85,158,175,63
output_0000484.png,179,162,98,24,21,15,119,94,46,65,161,69,68,49,36,39,112,61,37,73,88,140,140,140,148,65,38
output_0000485.png,121,123,73,183,236,210,16,13,8,153,184,149,157,206,162,151,172,122,57,71,46,180,178,124,58,60,60
output_0000486.png,91,78,34,214,222,184,149,135,77,4,4,4,128,127,75,175,181,130,125,115,92,169,164,140,196,140,124
output_0000487.png,185,153,96,137,105,58,22,19,11,162,132,79,80,61,36,93,88,54,138,108,107,172,68,32,60,65,60
output_0000488.png,215,198,158,125,95,53,19,17,10,154,164,131,93,89,69,79,61,37,179,72,83,89,72,76,156,140,140
output_0000489.png,199,227,187,23,19,8,100,74,27,164,134,70,127,122,68,81,61,20,77,79,73,124,164,116,108,140,124
output_0000490.png,28,22,13,197,214,183,125,99,53,76,82,59,153,154,113,124,124,97,130,145,106,154,162,135,144,59,50
output_0000491.png,206,194,156,126,97,52,19,17,10,157,169,133,85,65,40,100,97,76,137,147,133,91,81,76,178,86,79
output_0000492.png,183,150,95,143,110,61,24,20,12,87,66,39,100,96,63,158,152,117,157,136,134,91,80,77,177,60,32
output_0000493.png,215,197,153,134,103,58,25,21,13,151,183,159,87,64,38,101,97,76,93,83,77,136,147,141,180,88,56
output_0000494.png,203,226,183,23,18,8,101,73,26,164,135,70,126,121,68,82,60,16,132,164,107,76,79,72,126,150,134
output_0000495.png,216,198,154,131,100,56,25,21,13,150,183,159,87,64,38,101,97,75,92,82,77,178,88,55,146,146,140
output_0000496.png,206,192,120,123,115,53,150,150,88,15,16,6,85,93,37,72,66,21,112,138,124,175,61,31,65,69,73
output_0000497.png,220,222,199,175,180,156,30,26,10,147,129,66,139,150,134,109,121,82,102,86,19,81,85,74,196,116,60
output_0000498.png,220,216,180,28,28,24,134,116,60,144,165,131,86,113,58,87,74,42,136,132,163,89,87,87,177,99,69
output_0000499.png,217,195,122,28,25,24,160,157,112,137,107,73,157,159,183,86,63,51,101,101,56,189,194,228,95,92,98
output_0000500.png,20,18,14,237,225,168,124,86,46,152,117,62,130,133,96,187,159,99,159,152,143,195,203,219,76,100,110
output_0000501.png,27,22,17,238,218,143,106,76,47,170,144,92,137,129,91,151,112,58,197,173,96,192,199,220,76,92,86
output_0000502.png,21,19,15,233,221,164,123,86,46,153,116,61,132,135,106,181,157,99,178,188,211,160,152,140,76,100,113
output_0000503.png,30,27,16,237,236,211,110,87,35,143,129,56,216,194,121,133,134,114,49,158,45,206,198,160,173,158,119
output_0000504.png,23,21,18,200,184,115,93,62,48,117,114,78,162,168,198,154,123,81,168,148,74,147,98,50,62,122,110
output_0000505.png,200,198,162,116,104,61,14,14,9,142,144,114,82,104,157,78,83,47,62,49,30,172,59,39,42,55,88
output_0000506.png,196,215,202,31,29,27,144,118,78,145,187,165,96,77,44,107,118,107,139,147,153,97,95,98,193,82,79
output_0000507.png,224,228,202,175,166,105,153,129,50,24,22,15,102,102,68,86,69,31,72,80,83,129,141,142,198,88,77
output_0000508.png,10,9,7,158,123,44,186,170,120,207,206,188,102,84,44,89,51,22,227,180,34,238,205,91,59,168,88
output_0000509.png,207,183,141,24,19,12,143,110,61,169,151,122,91,65,34,144,129,162,104,94,65,91,83,76,188,124,56
output_0000510.png,209,180,136,29,24,7,130,109,62,87,69,26,145,156,8,88,101,4,94,83,74,152,140,134,164,92,68
output_0000511.png,193,147,99,25,19,8,125,100,64,150,134,95,80,60,32,96,86,50,144,117,114,173,64,52,60,60,52
output_0000512.png,195,151,83,151,118,53,87,52,21,4,4,4,117,104,27,46,39,47,88,79,107,171,156,51,180,100,50
output_0000513.png,135,116,72,234,226,210,14,11,8,86,52,29,167,165,144,177,189,161,206,195,168,89,94,60,60,60,36
output_0000514.png,208,187,134,35,26,15,158,128,65,176,157,85,108,74,34,124,105,59,147,137,126,70,67,79,188,116,59
output_0000515.png,201,185,161,22,16,12,120,92,32,153,135,89,91,76,14,81,61,16,164,89,43,140,123,116,70,63,68
output_0000516.png,171,154,100,211,176,128,28,21,16,154,118,71,113,100,72,95,67,45,152,131,128,72,72,68,188,108,63
output_0000517.png,196,177,147,112,87,24,21,15,11,146,133,98,73,54,20,158,79,40,82,76,50,71,64,71,140,124,124
output_0000518.png,152,120,74,212,178,133,27,20,15,170,153,100,114,100,68,98,66,43,119,111,102,72,72,66,140,148,124
output_0000519.png,195,176,147,112,87,25,20,15,11,146,133,98,73,55,19,158,79,41,82,76,62,138,124,116,70,65,71
output_0000520.png,212,180,133,146,108,74,170,148,108,30,22,15,110,98,83,96,69,45,113,114,111,188,116,67,73,69,60
output_0000521.png,199,182,154,21,16,11,121,92,31,152,135,94,91,76,13,81,60,12,167,75,51,141,124,116,73,64,63
output_0000522.png,163,144,95,20,15,11,84,47,28,96,83,53,136,104,23,231,196,148,139,92,56,200,176,144,60,68,49
output_0000523.png,200,186,160,123,92,34,18,14,11,152,136,99,91,76,14,77,58,18,165,90,42,140,124,124,70,64,69
output_0000524.png,175,162,110,220,188,141,155,126,75,27,19,13,118,107,59,108,68,35,125,117,103,79,75,62,163,143,144
output_0000525.png,200,184,157,121,92,31,18,14,10,152,136,97,91,76,16,76,56,21,164,90,40,72,65,69,138,123,124
output_0000526.png,163,144,95,20,15,11,84,47,28,97,84,56,136,104,23,231,196,148,139,93,56,194,173,142,59,68,54
output_0000527.png,204,187,158,118,91,25,19,14,10,153,135,92,76,56,19,165,89,41,91,76,16,70,62,62,134,124,117
output_0000528.png,174,162,110,221,188,142,156,125,73,24,18,12,118,106,63,104,66,36,124,115,104,70,67,55,161,140,143
output_0000529.png,210,188,141,25,20,15,157,126,72,173,172,138,106,111,92,97,121,147,100,71,33,74,85,96,188,116,65
output_0000530.png,203,187,159,21,16,11,122,92,31,153,135,89,91,76,11,81,60,12,165,89,41,71,65,70,136,124,124
output_0000531.png,145,120,74,220,187,140,177,167,93,13,11,9,64,37,24,168,152,129,73,60,41,133,104,15,44,52,52
output_0000532.png,222,216,192,159,120,74,17,14,10,171,187,155,111,124,117,85,90,95,127,139,158,97,71,49,188,108,97
output_0000533.png,212,182,130,150,111,71,169,152,69,29,21,15,109,97,82,96,69,45,112,110,108,188,124,81,71,71,62
output_0000534.png,226,221,203,28,23,18,157,117,78,117,124,116,172,184,149,124,137,158,88,93,95,104,81,59,188,108,92
output_0000535.png,173,155,70,156,116,72,214,185,133,25,19,13,109,111,107,113,97,81,99,70,45,73,69,66,196,132,91
output_0000536.png,228,217,184,124,105,55,9,9,7,84,54,26,173,162,127,209,182,133,178,147,89,162,194,130,60,76,28
output_0000537.png,167,157,93,149,116,67,215,184,133,27,21,15,109,99,62,96,66,42,113,110,101,70,71,64,188,116,64
output_0000538.png,202,185,156,18,14,10,118,89,39,146,133,101,74,57,13,158,89,38,83,76,36,136,123,116,71,65,70
output_0000539.png,14,12,9,148,124,78,222,188,141,178,167,109,60,39,27,78,63,41,129,92,20,167,148,141,111,71,47
output_0000540.png,203,187,160,18,14,10,118,89,40,73,56,10,147,133,95,159,88,42,83,76,39,72,64,64,141,124,116
output_0000541.png,128,104,70,21,13,14,209,188,181,68,35,31,111,63,39,172,152,153,76,65,49,179,164,159,156,131,123
output_0000542.png,195,154,109,22,23,31,114,78,52,131,140,140,124,127,128,72,47,30,47,53,77,149,63,50,84,76,58
output_0000543.png,214,197,185,23,17,13,151,122,94,182,163,154,126,111,79,107,68,47,166,146,150,97,83,84,196,108,92
output_0000544.png,193,152,110,22,24,32,115,82,58,132,136,131,72,47,30,53,60,85,128,124,133,148,68,44,82,84,71
output_0000545.png,145,118,80,20,15,11,225,217,212,86,51,33,209,175,142,175,156,149,90,77,66,60,60,59,196,188,172
output_0000546.png,198,156,109,21,22,29,115,74,48,125,135,138,113,118,121,71,46,28,77,87,94,49,55,76,149,62,50
output_0000547.png,215,188,168,148,117,90,23,17,13,160,160,147,108,98,85,110,130,161,89,67,44,87,83,85,184,80,60
output_0000548.png,203,153,111,129,91,66,18,17,18,144,140,125,111,117,128,72,50,36,87,82,77,164,84,57,72,66,70
output_0000549.png,211,189,180,31,25,16,148,124,80,118,108,61,152,137,152,159,172,142,105,78,48,90,84,92,202,74,78
output_0000550.png,167,137,97,18,15,9,79,54,24,101,75,41,213,195,161,125,82,39,221,173,111,229,197,139,60,60,40
output_0000551.png,176,146,101,18,14,8,85,55,27,108,84,51,132,87,40,208,188,154,139,96,61,216,172,113,59,60,51
output_0000552.png,99,79,50,223,199,194,9,8,6,55,32,25,152,184,169,153,123,80,149,129,119,146,141,156,138,124,68
output_0000553.png,156,126,87,18,14,10,200,187,158,122,110,77,155,154,140,106,80,49,170,177,163,55,66,80,200,79,80
output_0000554.png,176,210,209,81,131,134,6,8,9,119,172,187,160,158,136,50,63,46,22,70,75,45,69,72,70,90,76
output_0000555.png,163,139,57,96,69,27,11,12,6,120,117,63,53,45,17,67,69,39,132,68,24,35,44,18,68,60,52
output_0000556.png,160,179,150,144,133,84,12,16,13,110,117,85,51,58,45,93,75,38,114,142,147,68,77,79,188,156,76
output_0000557.png,182,185,193,170,137,111,115,111,114,107,94,78,13,12,10,142,145,146,66,59,65,73,78,74,100,132,164
output_0000558.png,191,202,171,151,186,171,19,22,16,135,101,54,80,100,73,79,63,39,151,146,149,87,82,85,174,89,55
output_0000559.png,183,190,195,21,17,11,141,141,148,132,129,102,109,107,93,160,166,168,81,78,87,176,173,164,84,127,180
output_0000560.png,208,229,178,159,127,71,20,21,15,115,76,29,105,125,103,119,147,144,65,194,112,76,92,81,66,75,54
output_0000561.png,176,103,35,123,87,33,24,19,11,127,136,49,76,52,19,76,100,24,198,171,77,53,58,18,91,92,52
output_0000562.png,159,170,187,121,157,122,20,29,27,97,113,118,132,124,137,61,105,74,52,75,74,80,69,69,147,124,156
output_0000563.png,160,200,206,220,226,222,33,24,20,145,121,82,119,91,56,126,125,110,143,158,166,89,82,73,103,103,101
output_0000564.png,164,112,50,111,78,30,26,19,6,74,47,13,218,198,114,83,73,36,59,52,18,140,132,59,84,84,28
output_0000565.png,147,152,145,9,8,8,109,95,34,47,106,117,95,90,92,177,188,176,124,121,93,92,125,130,16,44,123
output_0000566.png,19,13,5,157,115,54,101,73,30,61,44,18,119,118,70,71,71,38,89,102,79,141,47,32,42,56,44
output_0000567.png,9,13,10,177,196,178,106,177,172,92,96,69,58,104,193,46,86,82,50,48,35,27,49,44,28,58,82
output_0000568.png,212,165,121,32,25,16,155,117,68,103,109,69,102,80,52,49,166,81,96,87,87,156,147,150,196,84,45
output_0000569.png,209,150,74,155,111,43,13,9,4,115,92,33,97,63,21,144,119,118,173,162,107,65,60,63,188,68,76
output_0000570.png,181,160,79,143,139,70,14,14,5,119,94,31,65,51,13,73,83,34,174,68,15,109,124,92,44,67,52
output_0000571.png,170,164,94,22,19,6,158,133,64,124,118,58,106,74,23,67,69,26,86,234,229,9,143,145,21,89,77
output_0000572.png,203,161,75,157,151,78,116,110,54,142,125,59,23,18,6,98,68,15,70,62,20,147,54,13,98,82,52
output_0000573.png,203,161,77,157,151,78,116,111,54,142,124,59,23,18,6,99,68,14,70,62,20,147,56,18,55,75,44
output_0000574.png,177,154,79,114,68,11,144,140,72,13,10,5,16,71,59,62,35,8,13,58,51,168,62,25,11,78,76
output_0000575.png,172,160,90,21,21,9,138,123,61,147,162,97,81,61,20,73,102,54,171,69,37,10,147,142,10,84,76
output_0000576.png,13,23,24,126,193,216,73,111,119,92,128,135,44,68,75,58,86,88,92,140,146,58,66,54,81,132,156
output_0000577.png,116,200,218,77,131,157,7,10,12,67,102,86,105,123,113,32,49,53,40,60,80,68,45,48,111,149,56
output_0000578.png,128,200,220,14,19,19,85,137,159,75,110,119,57,75,92,46,65,65,134,168,88,146,89,114,83,57,63
output_0000579.png,116,222,238,15,19,19,101,118,116,68,105,105,57,59,62,78,134,152,55,78,87,40,62,63,114,148,132
output_0000580.png,131,207,222,20,27,27,81,122,119,57,85,79,92,151,163,62,95,102,90,65,70,136,90,112,112,164,140
output_0000581.png,110,171,181,5,10,9,55,93,95,95,85,90,48,140,122,24,56,48,40,81,61,67,43,39,67,116,140
output_0000582.png,104,186,209,162,227,237,16,26,25,71,118,120,81,141,162,52,77,68,50,87,109,92,72,77,119,158,85
output_0000583.png,11,15,15,129,192,167,84,113,100,63,89,73,98,136,113,105,144,127,50,100,88,61,18,92,81,137,124
output_0000584.png,135,211,181,4,6,6,5,49,64,5,38,46,4,27,38,57,86,72,84,114,99,84,116,108,44,56,48
output_0000585.png,106,197,170,5,15,17,56,103,103,79,130,138,36,69,81,85,135,118,28,57,61,45,69,63,82,148,108
output_0000586.png,130,116,109,121,156,149,100,101,94,118,124,138,9,9,9,69,65,80,80,57,48,50,49,40,142,150,52
output_0000587.png,29,29,24,171,193,180,205,222,206,149,153,132,126,132,117,102,101,77,108,113,104,151,171,164,188,164,114
output_0000588.png,193,210,199,21,21,20,148,138,111,119,121,103,138,157,152,101,85,65,71,73,62,85,91,98,180,172,124
output_0000589.png,156,146,111,21,23,22,108,98,69,71,66,47,128,136,120,79,85,68,65,71,80,115,123,124,140,76,76
output_0000590.png,198,219,206,33,32,23,101,91,59,135,138,111,132,105,75,168,156,115,105,111,102,138,163,158,201,181,96
output_0000591.png,137,118,82,158,160,133,20,22,21,102,101,77,86,76,47,57,66,57,63,77,78,113,129,124,108,140,124
output_0000592.png,187,206,188,19,19,17,150,139,105,115,118,99,96,78,58,68,65,54,132,154,151,89,90,85,178,164,100
output_0000593.png,17,17,15,148,165,148,146,120,92,187,207,192,103,124,111,105,80,56,86,97,86,148,180,164,180,180,148
output_0000594.png,17,17,15,144,164,149,146,119,91,186,208,192,102,124,112,105,82,56,86,98,86,148,180,161,180,180,148
output_0000595.png,190,219,208,17,19,18,122,130,99,156,158,126,97,91,63,144,167,162,103,101,96,71,76,52,196,182,76
output_0000596.png,191,217,205,18,19,18,143,122,97,106,113,99,138,155,146,93,78,59,63,67,55,85,91,86,181,172,140
output_0000597.png,206,156,108,115,71,33,12,6,4,67,34,18,178,43,9,115,143,147,82,77,4,102,107,111,44,36,36
output_0000598.png,220,168,102,130,86,31,7,5,4,61,37,21,148,108,92,148,116,82,156,82,59,73,52,44,76,60,44
output_0000599.png,200,145,92,23,16,9,108,81,61,55,38,25,72,51,36,139,108,77,148,100,71,83,68,54,82,70,68
output_0000600.png,156,166,103,29,28,11,120,125,63,157,132,61,73,76,36,101,81,24,128,145,116,92,156,116,74,87,69
output_0000601.png,162,156,68,108,89,26,14,17,6,107,146,48,60,51,12,61,80,22,37,56,12,124,105,93,148,71,70
output_0000602.png,143,119,56,181,155,79,158,151,83,12,11,7,105,83,33,116,113,55,76,77,26,61,46,25,104,98,76
output_0000603.png,174,179,88,134,148,68,16,17,9,103,109,50,59,57,24,74,85,39,62,75,53,196,100,60,100,132,100
output_0000604.png,191,139,8,118,78,8,15,9,4,71,49,14,86,70,28,49,39,11,147,116,4,156,84,4,92,84,44
output_0000605.png,185,165,121,94,84,62,4,4,4,115,156,135,59,60,44,58,52,44,55,49,35,132,92,66,107,122,116
output_0000606.png,128,109,46,85,77,22,14,11,4,99,107,30,62,64,12,55,47,10,38,40,9,68,66,52,103,90,68
output_0000607.png,199,190,153,83,78,56,5,5,4,49,47,32,114,143,111,52,72,54,53,58,52,140,78,71,44,124,116
output_0000608.png,125,108,41,86,78,21,16,13,4,65,70,10,103,115,36,57,51,10,38,46,7,65,58,44,76,36,9
output_0000609.png,180,192,132,4,4,4,117,137,86,91,101,70,53,53,41,59,69,50,109,122,116,132,84,84,58,60,60
output_0000610.png,169,165,135,98,95,73,4,4,4,112,143,113,38,106,86,49,46,35,173,72,101,90,116,144,60,60,60
output_0000611.png,121,102,33,83,75,16,14,11,4,95,104,26,62,64,9,55,46,7,38,40,5,68,68,44,109,43,8
output_0000612.png,196,171,149,106,95,79,4,4,4,121,134,125,116,124,124,53,45,34,60,71,65,132,92,68,60,60,60
output_0000613.png,72,40,6,131,84,12,10,7,4,40,22,4,49,45,10,95,78,18,27,28,4,108,44,4,44,36,28
output_0000614.png,196,171,149,105,95,79,4,4,4,121,133,125,115,124,124,53,46,35,60,71,65,132,92,70,60,60,60
output_0000615.png,84,76,17,121,105,35,15,12,4,65,70,10,57,50,9,99,112,36,39,46,6,109,41,13,28,60,44
output_0000616.png,197,172,149,103,92,77,4,4,4,119,133,125,114,124,124,52,45,35,59,72,68,136,92,80,53,60,60
output_0000617.png,146,93,19,100,79,17,16,11,4,66,50,9,104,111,33,76,77,17,60,68,15,49,49,8,51,58,28
output_0000618.png,186,162,134,99,88,73,4,4,4,118,137,126,53,47,37,59,78,74,115,124,124,60,59,52,132,92,76
output_0000619.png,159,102,22,112,86,19,17,12,4,74,58,12,82,84,20,113,119,37,54,53,9,60,76,27,56,68,36
