frame_path,color_1_r,color_1_g,color_1_b,color_2_r,color_2_g,color_2_b,color_3_r,color_3_g,color_3_b,color_4_r,color_4_g,color_4_b,color_5_r,color_5_g,color_5_b,color_6_r,color_6_g,color_6_b,color_7_r,color_7_g,color_7_b,color_8_r,color_8_g,color_8_b,color_9_r,color_9_g,color_9_b,color_10_r,color_10_g,color_10_b
output_0000001.png,195,196,198,15,19,19,106,107,109,131,140,139,62,62,63,131,131,140,75,84,83,75,75,84,44,52,52
output_0000002.png,20,27,27,84,67,60,60,45,39,39,31,27,66,60,60,68,73,68,44,44,44,44,52,36,12,4,4
output_0000003.png,44,47,53,74,147,195,199,83,66,133,90,76,42,65,123,135,122,122,78,101,123,61,100,158,35,87,156
output_0000004.png,187,147,110,66,53,39,142,109,68,115,140,78,106,81,52,34,34,27,185,66,48,91,121,71,104,112,128
output_0000005.png,56,55,47,68,68,54,44,43,41,36,36,36,27,32,34,36,28,33,67,60,60,36,36,20,76,60,52
output_0000006.png,75,84,77,187,175,156,142,132,107,27,46,44,161,173,140,25,34,29,109,117,125,114,132,101,160,162,164
output_0000007.png,38,38,38,172,161,159,110,97,90,73,70,66,83,92,92,140,140,137,60,68,62,83,84,92,139,132,140
output_0000008.png,82,81,78,187,190,184,149,128,111,170,174,165,32,34,34,108,115,126,154,161,175,120,134,140,45,35,34
output_0000009.png,165,163,154,34,34,34,114,113,108,99,87,69,137,141,132,76,74,61,133,145,152,83,92,81,57,57,71
output_0000010.png,47,49,48,183,184,187,171,132,107,126,102,88,82,100,113,87,79,74,143,149,144,93,100,91,132,140,156
output_0000011.png,35,35,36,186,184,178,107,103,97,89,79,67,151,125,109,131,132,144,70,70,61,72,79,98,57,59,70
output_0000012.png,186,181,177,56,54,53,132,107,92,150,159,160,141,146,151,19,27,27,102,112,112,95,98,103,164,92,76
output_0000013.png,163,133,108,32,31,34,109,89,72,71,63,53,132,158,161,165,198,205,76,92,99,116,138,149,83,92,79
output_0000014.png,186,182,179,52,52,51,133,110,96,139,153,159,98,80,70,103,118,119,165,117,82,147,157,145,91,96,109
output_0000015.png,36,34,34,164,142,119,108,90,71,128,153,153,77,75,63,81,93,88,108,129,141,72,83,93,164,84,60
output_0000016.png,167,141,117,41,38,36,128,95,71,140,173,178,83,67,55,65,69,63,109,134,142,90,109,113,71,89,96
output_0000017.png,185,188,185,39,39,39,113,120,121,176,140,123,72,76,75,141,158,144,114,94,80,87,102,86,124,148,156
output_0000018.png,35,36,35,175,177,180,112,112,108,72,72,64,137,150,149,132,137,149,82,93,94,59,68,62,76,82,93
output_0000019.png,177,174,166,98,95,84,119,112,99,81,80,66,62,66,58,134,130,121,129,124,107,76,68,59,149,142,128
output_0000020.png,158,153,142,46,48,50,208,207,196,83,85,89,101,75,56,78,56,46,130,95,78,195,204,193,194,195,196
output_0000021.png,71,72,65,191,193,190,87,85,78,48,47,43,110,107,100,143,138,127,153,150,145,131,132,122,84,36,20
output_0000022.png,173,175,173,49,54,62,77,63,59,82,91,105,103,80,64,123,106,98,204,212,204,215,211,207,198,201,212
output_0000023.png,196,194,195,56,60,60,81,77,72,104,100,83,107,112,114,157,151,128,137,127,122,149,154,161,66,116,150
output_0000024.png,118,132,151,202,198,197,173,176,184,26,25,22,89,83,59,187,196,196,106,104,89,52,70,80,177,180,212
output_0000025.png,192,192,192,65,65,61,110,121,146,113,102,75,98,78,69,165,155,120,145,127,125,235,219,196,217,228,215
output_0000026.png,58,56,53,179,180,179,109,111,120,95,80,70,110,101,74,154,145,114,136,121,123,237,218,189,209,222,211
output_0000027.png,186,192,190,55,60,58,101,85,66,108,101,81,114,115,108,141,138,127,142,139,141,223,220,214,76,116,136
output_0000028.png,97,95,93,168,174,186,36,42,42,196,178,166,163,159,156,178,188,194,147,152,161,64,55,42,55,43,36
output_0000029.png,193,196,190,50,57,63,113,70,70,117,113,107,125,101,82,144,125,113,152,152,151,155,150,130,84,108,128
output_0000030.png,74,76,67,192,186,187,171,182,201,149,140,133,165,168,187,111,119,128,121,133,126,27,32,24,38,27,25
output_0000031.png,144,134,113,52,47,37,190,186,185,72,58,46,85,79,64,105,88,69,199,169,148,81,68,43,188,188,164
output_0000032.png,75,66,48,181,168,158,142,136,122,155,154,150,162,165,159,121,120,108,112,104,102,23,22,24,40,27,24
output_0000033.png,124,71,58,157,132,121,173,95,67,138,110,112,48,35,29,196,120,74,187,179,170,161,158,157,81,26,19
output_0000034.png,108,111,108,62,60,38,193,186,163,154,147,143,156,163,173,139,148,157,49,53,66,68,51,61,171,180,174
output_0000035.png,150,147,138,65,44,36,169,163,164,130,120,99,93,99,80,13,27,30,125,127,136,50,76,92,164,108,113
output_0000036.png,85,75,56,189,186,169,146,143,119,32,30,24,170,174,163,114,118,117,141,121,82,154,160,166,44,28,20
output_0000037.png,122,111,97,175,182,187,35,32,33,178,151,125,179,176,156,71,54,42,150,154,150,72,59,53,74,73,68
output_0000038.png,107,90,80,168,167,169,173,147,124,37,31,30,140,133,131,85,53,34,67,34,30,116,113,125,153,156,146
output_0000039.png,132,124,111,177,184,190,35,32,33,180,177,156,178,150,124,78,63,49,68,50,42,79,77,74,97,80,68
output_0000040.png,119,105,97,185,180,187,190,160,137,93,62,40,73,39,33,36,33,32,157,148,148,79,71,68,171,172,162
output_0000041.png,145,139,132,183,194,200,39,32,31,197,200,202,67,52,45,83,78,77,172,179,190,110,89,73,91,70,51
output_0000042.png,116,103,94,188,188,192,186,164,143,71,39,32,95,62,39,160,154,152,141,137,142,42,36,34,171,180,169
output_0000043.png,108,103,90,186,196,196,33,32,30,193,153,118,168,141,116,176,181,168,141,150,144,64,50,41,76,61,43
output_0000044.png,133,142,127,30,31,30,200,191,187,190,157,132,57,55,47,75,80,74,157,172,154,117,94,74,72,72,45
output_0000045.png,125,114,97,193,169,146,173,182,181,33,31,30,81,79,72,69,55,45,165,173,161,148,154,147,87,70,51
output_0000046.png,130,132,117,199,169,146,34,34,33,74,75,71,177,174,164,101,78,65,65,50,46,67,65,43,169,163,165
output_0000047.png,52,50,41,208,201,198,125,123,124,89,87,83,96,98,102,146,146,156,100,108,111,148,156,160,76,84,80
output_0000048.png,188,189,192,49,45,38,95,96,88,94,74,56,83,56,46,140,101,89,144,133,114,132,137,139,153,145,145
output_0000049.png,176,178,176,57,57,54,104,96,78,114,111,110,83,92,93,154,143,117,123,132,140,205,213,202,212,182,163
output_0000050.png,185,183,185,66,65,55,94,82,72,104,96,78,114,108,103,153,144,118,141,122,113,223,226,221,84,124,148
output_0000051.png,116,113,94,203,191,173,161,173,185,173,162,142,76,66,40,42,38,22,65,49,31,150,159,153,184,189,178
output_0000052.png,56,56,56,198,198,201,108,86,67,121,103,84,121,118,115,156,132,119,233,224,216,167,151,133,220,228,220
output_0000053.png,190,189,193,178,178,184,60,59,43,141,131,116,107,96,78,151,148,165,121,117,104,106,100,107,188,132,120
output_0000054.png,124,123,101,169,161,144,80,80,68,31,27,21,200,187,166,64,49,38,183,178,172,69,61,43,188,188,172
output_0000055.png,196,198,194,69,60,56,174,170,166,139,138,142,136,105,87,170,148,136,115,116,110,25,29,31,108,116,180
output_0000056.png,83,73,67,128,143,183,138,137,126,141,108,85,97,111,143,197,200,206,30,38,47,172,161,154,48,26,22
output_0000057.png,132,130,119,49,54,65,197,200,210,164,165,174,75,56,49,82,85,91,199,182,169,94,70,51,184,188,181
output_0000058.png,87,66,54,207,207,204,46,50,56,117,92,72,144,131,124,104,105,112,158,161,163,160,150,135,60,84,108
output_0000059.png,185,158,135,144,111,88,50,45,44,104,76,61,59,72,104,75,77,76,113,116,105,145,164,182,114,134,164
output_0000060.png,112,84,67,44,40,43,203,170,143,161,154,134,171,135,102,65,43,35,173,183,175,142,137,110,143,160,185
output_0000061.png,184,189,195,78,71,62,133,126,117,81,89,102,222,223,224,102,92,101,132,144,154,148,132,148,212,221,221
output_0000062.png,50,44,43,152,130,112,81,56,46,206,209,213,172,174,171,96,83,77,99,71,50,193,198,182,215,171,148
output_0000063.png,90,99,115,197,171,141,37,49,64,172,144,118,169,189,195,134,151,160,82,61,47,161,178,189,67,40,30
output_0000064.png,115,104,90,217,217,212,175,173,176,185,188,187,44,44,44,170,145,129,152,151,141,61,43,38,74,53,35
output_0000065.png,108,105,85,208,201,192,164,151,131,171,172,182,25,25,14,66,61,32,146,150,149,57,42,26,177,188,181
output_0000066.png,181,190,192,54,56,58,108,99,80,97,79,63,113,114,112,141,143,135,135,127,120,148,151,152,214,208,204
output_0000067.png,101,101,80,209,201,184,160,141,105,157,154,147,172,172,174,29,31,22,57,42,32,174,204,164,137,149,111
output_0000068.png,189,182,190,57,56,42,169,167,172,135,124,112,99,90,73,155,149,165,104,99,108,115,116,106,188,116,76
output_0000069.png,133,129,106,211,212,202,199,201,200,59,60,39,96,93,61,203,195,175,177,174,165,163,160,157,89,67,54
output_0000070.png,141,128,103,44,65,70,193,190,197,173,169,164,121,58,46,90,92,77,193,197,177,137,68,43,204,181,165
output_0000071.png,103,83,75,211,214,214,34,34,29,132,153,148,162,169,175,120,138,113,149,109,96,182,167,147,54,35,32
output_0000072.png,141,129,104,45,63,71,191,187,196,173,170,165,114,58,46,89,93,78,196,197,176,125,69,43,204,181,166
output_0000073.png,135,114,94,48,50,50,203,197,188,172,164,150,80,74,63,84,51,41,193,179,180,205,175,155,102,60,36
output_0000074.png,86,83,72,201,204,199,147,158,148,166,171,173,170,180,177,33,39,38,105,136,113,144,131,106,47,35,30
output_0000075.png,118,115,97,51,52,52,188,185,194,176,168,161,159,158,159,74,56,50,186,198,173,209,192,165,82,77,43
output_0000076.png,145,141,115,48,53,59,197,205,207,78,80,81,84,50,42,210,182,149,110,86,71,94,79,41,196,204,178
output_0000077.png,209,206,200,102,105,92,36,41,43,165,159,137,66,49,44,136,152,137,75,67,41,165,176,181,177,188,179
output_0000078.png,55,55,47,186,168,139,131,118,99,131,149,163,81,92,105,96,95,78,103,119,122,19,25,25,150,164,145
output_0000079.png,149,138,109,49,47,39,79,56,45,88,88,70,195,197,198,211,151,115,92,86,40,129,84,72,192,197,156
output_0000080.png,69,59,61,194,169,147,148,134,113,124,138,189,105,101,92,168,174,167,119,129,111,88,97,140,26,26,27
output_0000081.png,82,75,65,167,172,157,34,33,32,135,124,97,45,35,35,139,137,124,164,154,131,123,124,102,152,154,156
output_0000082.png,41,46,44,166,156,158,119,99,79,128,125,127,147,151,167,66,83,88,89,102,99,84,69,53,146,148,153
output_0000083.png,89,84,73,196,165,142,130,133,136,31,35,35,154,106,87,61,35,29,170,173,171,158,161,173,123,132,109
output_0000084.png,49,58,56,164,168,190,181,180,189,146,150,139,171,180,187,104,112,103,120,135,116,109,118,126,88,103,94
output_0000085.png,96,93,97,95,119,156,62,54,47,141,152,156,165,143,111,162,175,191,174,181,175,35,60,103,36,43,64
output_0000086.png,85,89,81,186,188,194,142,137,125,158,165,176,48,42,40,33,40,38,117,128,138,161,172,154,49,59,35
output_0000087.png,94,95,78,204,205,206,181,181,181,182,178,147,155,156,117,160,159,140,44,40,36,42,58,46,172,196,100
output_0000088.png,57,61,54,209,208,210,139,112,90,161,166,159,101,87,73,111,118,110,102,105,110,152,154,165,172,94,60
output_0000089.png,60,68,58,185,188,195,117,107,83,111,119,108,103,79,58,176,156,121,148,127,103,230,218,207,218,228,226
output_0000090.png,187,183,187,61,63,54,105,96,79,117,110,102,94,82,69,149,135,123,142,121,107,83,100,76,232,232,233
output_0000091.png,201,197,208,44,41,31,106,100,83,75,55,44,208,179,144,174,168,172,169,144,121,187,188,187,95,72,34
output_0000092.png,150,153,143,50,53,41,178,187,196,75,63,53,116,119,76,85,92,76,82,91,48,210,189,155,190,205,170
output_0000093.png,141,153,154,42,46,45,207,218,222,74,79,65,193,202,212,195,212,213,68,67,63,80,90,86,100,107,99
output_0000094.png,88,89,81,30,38,37,148,133,124,191,179,169,62,56,33,60,33,34,161,161,166,126,142,115,167,181,158
output_0000095.png,151,145,149,51,46,32,107,101,82,85,80,71,199,189,188,71,57,49,79,75,48,181,177,188,187,188,177
output_0000096.png,80,100,79,178,102,87,135,121,91,62,41,35,35,59,46,113,133,111,104,52,35,155,156,119,148,164,158
output_0000097.png,53,66,45,165,174,166,112,45,36,143,72,47,135,111,86,139,84,69,112,132,114,167,122,113,213,145,115
output_0000098.png,93,72,55,200,159,110,163,178,142,146,145,114,37,39,41,102,144,161,159,94,69,118,114,108,53,24,23
output_0000099.png,158,171,164,105,47,39,128,127,90,133,89,74,49,47,40,132,76,48,207,136,106,142,125,117,105,121,114
output_0000100.png,154,140,107,42,41,38,90,52,38,92,78,62,190,198,192,126,84,62,107,74,42,213,160,128,188,205,167
output_0000101.png,209,217,213,149,151,86,53,61,40,78,73,58,90,98,58,174,177,148,208,203,156,195,204,160,109,108,35
output_0000102.png,95,99,63,205,190,158,158,153,130,156,143,97,171,170,168,173,191,104,39,40,26,130,153,75,62,41,37
output_0000103.png,200,163,111,56,70,56,109,96,71,90,64,39,155,103,62,76,140,115,209,210,197,163,96,39,235,216,156
output_0000104.png,125,98,69,226,215,206,57,62,45,166,148,137,187,172,170,99,42,28,179,108,82,210,131,109,158,149,106
output_0000105.png,89,77,62,24,31,32,148,161,177,184,167,159,133,135,132,156,117,76,68,34,30,162,166,117,132,128,86
output_0000106.png,122,67,53,29,33,31,149,75,61,70,56,46,190,177,140,81,93,71,135,150,106,139,137,150,78,77,95
output_0000107.png,106,89,73,168,174,184,32,35,37,137,143,149,165,123,87,80,40,33,192,157,115,140,144,85,174,182,131
output_0000108.png,20,25,24,96,52,44,151,148,125,59,42,34,90,93,79,56,64,53,136,103,84,109,113,128,65,73,77
output_0000109.png,165,173,184,105,86,72,31,34,37,138,142,148,164,129,90,191,156,112,138,138,95,80,41,33,175,182,114
output_0000110.png,236,209,179,106,79,65,161,97,79,101,100,132,169,138,105,20,20,24,130,131,164,188,172,152,52,20,4
output_0000111.png,144,155,145,77,57,45,101,83,62,136,103,83,93,100,88,210,186,161,67,84,78,196,204,185,188,196,196
output_0000112.png,149,145,121,49,50,40,78,55,42,208,193,165,79,85,78,116,91,73,87,75,49,214,212,199,193,205,174
output_0000113.png,84,67,47,185,189,158,140,135,106,132,103,75,169,138,102,29,28,26,142,149,153,117,113,103,180,169,73
output_0000114.png,94,79,63,207,147,53,37,31,28,172,116,63,138,138,125,160,178,177,132,155,173,55,35,29,196,68,55
output_0000115.png,47,37,33,167,129,63,142,137,130,93,82,75,82,49,36,205,156,66,199,180,92,128,156,183,133,78,42
output_0000116.png,104,89,73,190,172,139,44,41,34,157,132,103,144,144,140,170,164,139,172,176,182,62,43,32,70,53,27
output_0000117.png,137,151,153,94,92,66,48,54,38,85,61,51,117,102,91,204,138,125,88,98,89,185,191,212,188,204,170
output_0000118.png,149,130,105,216,132,119,38,36,38,57,41,32,69,67,58,104,76,59,73,53,35,176,174,163,150,154,166
output_0000119.png,146,179,183,74,61,50,224,123,115,160,102,88,138,154,133,109,126,118,109,114,92,26,28,30,88,108,156
output_0000120.png,46,43,45,162,134,111,212,131,120,174,165,142,115,123,102,107,82,68,170,172,170,204,208,214,97,98,108
output_0000121.png,48,43,42,82,59,47,145,177,180,106,83,65,130,101,92,230,129,123,144,135,112,99,134,134,188,220,220
output_0000122.png,147,129,104,210,138,124,37,36,38,66,62,59,58,41,32,174,172,155,73,53,35,108,71,55,153,157,164
output_0000123.png,49,44,42,87,63,50,145,177,180,117,92,73,232,131,123,148,112,99,156,142,115,92,113,103,68,76,124
output_0000124.png,45,39,39,155,133,109,90,84,65,74,50,37,222,129,119,88,62,42,121,80,61,208,210,211,177,179,187
output_0000125.png,99,74,60,49,42,37,147,181,189,148,180,178,137,163,160,213,123,113,149,138,114,130,116,105,138,164,188
output_0000126.png,47,41,40,158,139,114,89,89,66,73,49,36,221,133,123,87,62,42,121,86,68,202,202,206,206,190,167
output_0000127.png,37,40,48,151,138,115,211,157,150,75,53,49,84,82,77,100,71,50,119,84,71,180,177,177,187,189,192
output_0000128.png,48,44,43,88,63,50,145,176,178,115,89,69,124,109,95,223,141,125,156,143,113,99,138,134,184,204,174
output_0000129.png,112,109,96,148,178,187,225,110,91,39,34,29,89,39,32,99,55,41,160,188,193,172,152,121,148,159,143
output_0000130.png,188,174,158,51,49,44,139,135,116,148,165,163,109,124,91,99,92,78,136,155,164,80,88,71,100,103,110
output_0000131.png,40,41,39,173,167,162,96,112,113,129,125,111,149,159,154,90,82,70,85,95,104,134,145,150,72,79,71
output_0000132.png,72,72,59,196,163,142,139,127,110,110,128,110,27,31,32,159,173,156,97,112,119,145,157,166,37,27,28
output_0000133.png,200,197,187,47,44,39,139,117,95,145,168,134,105,119,102,76,82,77,102,83,68,89,98,100,153,155,157
output_0000134.png,97,96,69,197,163,140,34,33,31,162,182,177,158,136,101,142,153,132,160,174,138,130,144,99,60,42,34
output_0000135.png,195,189,180,54,51,45,133,119,98,143,167,132,85,90,82,103,122,102,93,103,101,151,155,156,18,22,21
output_0000136.png,103,105,76,182,197,189,190,148,119,39,34,31,150,162,125,155,174,169,156,129,101,68,58,35,43,53,42
output_0000137.png,188,186,175,54,52,49,144,146,133,186,124,106,136,89,74,98,97,89,100,71,59,102,109,112,154,162,166
output_0000138.png,201,205,207,53,50,44,142,124,106,117,120,112,175,142,112,108,93,77,85,88,78,96,100,109,158,172,153
output_0000139.png,189,192,199,49,45,41,128,104,84,138,141,158,95,74,57,89,85,98,107,109,108,74,77,65,164,124,108
output_0000140.png,110,101,90,213,212,210,51,52,48,156,152,153,163,132,108,70,51,42,184,181,169,79,61,43,189,160,140
output_0000141.png,87,111,129,56,45,42,171,188,187,140,160,168,122,151,164,147,171,188,167,167,163,40,51,69,36,60,68
output_0000142.png,111,133,147,63,46,39,168,141,117,179,191,187,109,85,74,60,81,104,43,60,74,44,51,65,146,171,188
output_0000143.png,151,142,122,31,31,35,101,86,76,112,140,129,69,83,84,66,58,55,83,114,125,54,65,87,132,68,52
output_0000144.png,74,73,67,188,200,201,159,176,172,137,147,144,17,18,21,149,162,166,114,126,129,104,112,119,172,156,153
output_0000145.png,194,170,119,37,36,28,131,104,75,150,162,153,87,69,50,96,103,98,136,147,148,87,91,92,164,92,68
output_0000146.png,101,82,66,192,188,175,177,183,165,161,157,141,33,23,21,154,134,112,61,32,30,136,135,115,170,169,173
output_0000147.png,92,78,59,189,166,148,23,18,17,153,150,130,151,117,86,48,34,27,169,173,158,170,163,156,180,108,77
output_0000148.png,40,29,27,188,163,131,157,161,132,138,118,94,101,73,55,109,109,89,130,144,149,97,90,93,178,84,70
output_0000149.png,192,171,158,139,125,103,25,21,18,57,40,30,75,67,50,177,174,160,71,55,35,103,71,51,177,163,164
output_0000150.png,35,25,24,187,164,131,134,114,89,158,161,131,93,67,52,101,99,79,128,144,148,98,84,92,180,76,68
output_0000151.png,192,171,158,139,124,103,25,21,19,57,40,30,75,67,50,177,175,162,72,55,35,102,71,50,178,163,164
output_0000152.png,42,30,28,187,163,130,159,160,130,138,117,92,100,73,56,109,107,87,141,144,149,100,89,94,177,84,66
output_0000153.png,108,80,63,195,175,154,33,25,21,158,144,130,176,174,157,70,34,33,164,126,88,138,134,105,174,162,165
output_0000154.png,44,31,28,188,164,133,139,118,92,160,160,130,100,73,56,111,105,85,152,145,148,103,90,93,180,76,60
output_0000155.png,48,40,31,156,141,119,191,171,159,124,123,101,177,173,160,114,88,65,177,163,164,115,105,102,196,124,84
output_0000156.png,70,46,38,196,159,125,167,167,134,145,130,103,119,115,93,18,14,16,106,89,67,110,98,93,148,154,149
output_0000157.png,107,80,62,195,175,154,32,24,20,157,144,130,176,175,157,70,35,32,165,128,89,137,133,105,172,163,165
output_0000158.png,197,162,127,76,49,41,167,169,137,142,134,108,22,17,19,110,93,69,142,99,72,126,105,101,143,155,156
output_0000159.png,36,29,23,117,88,70,212,206,191,174,155,143,208,156,140,174,128,100,198,176,173,74,40,38,146,144,119
output_0000160.png,159,139,112,49,39,29,85,53,41,208,201,196,98,84,62,93,74,42,132,86,63,206,197,167,219,132,111
output_0000161.png,145,136,113,51,46,34,74,57,43,106,88,63,86,82,64,193,185,181,87,71,43,208,191,163,195,188,163
output_0000162.png,105,84,64,202,185,168,40,28,23,162,150,133,154,142,112,68,33,30,170,186,176,154,118,99,169,168,168
output_0000163.png,84,72,64,195,161,148,22,16,12,151,142,129,144,99,81,107,114,121,161,176,177,149,158,168,56,25,20
output_0000164.png,41,30,23,135,119,97,191,171,154,112,104,86,99,80,55,82,69,45,163,156,136,99,116,172,82,79,100
output_0000165.png,181,137,111,40,28,22,144,103,77,162,157,144,97,67,47,112,103,84,103,84,97,154,122,149,172,76,118
output_0000166.png,72,50,35,185,163,134,144,129,103,116,113,94,15,12,13,90,119,167,105,90,62,149,169,172,86,91,103
output_0000167.png,148,102,73,189,147,114,43,30,23,108,72,47,120,105,82,171,164,147,170,155,148,79,70,49,117,72,95
output_0000168.png,148,101,72,188,145,112,45,31,23,109,72,47,120,105,81,171,164,147,170,155,148,79,70,49,112,71,95
output_0000169.png,170,136,112,19,18,17,111,81,62,64,47,37,136,143,122,63,86,59,149,68,48,118,126,150,74,58,86
output_0000170.png,87,75,58,180,182,168,145,136,118,18,14,13,40,25,21,106,112,205,173,160,140,109,105,115,122,124,112
output_0000171.png,170,135,110,19,18,17,110,80,61,64,47,37,136,143,124,63,86,57,74,60,86,160,60,52,92,132,148
output_0000172.png,179,160,134,65,53,39,127,117,103,153,159,144,143,141,136,12,10,10,105,102,90,31,19,17,96,89,87
output_0000173.png,135,118,94,20,17,14,204,176,121,62,40,29,100,69,56,69,65,59,78,55,34,166,179,172,113,144,190
output_0000174.png,162,129,108,100,77,62,8,10,10,55,39,32,119,144,134,49,87,88,160,54,41,105,117,146,40,63,79
output_0000175.png,177,166,147,191,161,140,163,135,114,48,39,33,113,75,62,157,143,167,121,114,97,101,80,105,73,80,70
output_0000176.png,116,95,78,34,43,43,178,172,149,167,150,123,152,142,115,105,58,35,88,34,28,159,152,159,213,192,176
output_0000177.png,102,95,84,18,17,17,172,174,169,71,58,45,124,157,156,75,90,87,114,133,143,45,57,54,59,73,86
output_0000178.png,180,177,155,149,169,176,42,43,37,125,132,123,139,153,164,82,83,75,98,110,107,90,97,102,156,164,68
output_0000179.png,92,92,80,190,170,123,23,22,21,155,133,91,50,40,36,127,140,135,168,182,185,125,140,118,158,169,175
output_0000180.png,196,195,103,49,56,35,138,145,66,160,174,84,100,122,63,89,99,54,144,157,163,187,87,74,97,106,101
output_0000181.png,140,136,122,34,41,27,88,95,76,87,77,49,86,56,41,187,189,183,209,165,149,127,86,68,195,204,194
output_0000182.png,97,77,59,38,34,29,141,139,120,119,122,110,160,159,159,150,110,74,197,189,184,170,172,171,53,26,18
output_0000183.png,121,87,68,15,12,11,82,62,46,51,39,31,143,140,119,99,100,82,59,60,47,93,88,95,56,50,54
output_0000184.png,127,123,121,28,30,31,227,222,216,101,88,52,185,199,168,80,52,39,181,169,162,156,170,141,163,172,203
output_0000185.png,106,94,80,202,179,163,26,23,22,168,147,123,60,40,34,178,180,172,143,143,128,168,167,173,74,55,35
output_0000186.png,40,39,39,163,156,153,220,224,214,107,81,63,94,96,103,90,61,51,202,205,199,161,174,213,131,97,78
output_0000187.png,107,93,78,204,187,172,25,23,22,167,147,123,58,41,34,179,180,171,143,143,124,169,167,173,75,56,35
output_0000188.png,182,175,169,44,44,48,101,68,56,106,106,112,124,91,71,218,220,208,149,110,88,158,135,110,170,180,222
output_0000189.png,217,214,203,78,77,74,130,124,122,108,99,95,152,148,150,172,163,159,121,112,89,164,148,151,100,140,132
output_0000190.png,49,51,51,178,172,173,100,101,99,102,94,71,91,72,66,139,130,103,127,114,104,222,213,202,210,220,188
output_0000191.png,71,70,59,184,146,114,136,192,202,132,106,83,11,10,10,34,24,19,101,123,118,66,96,115,109,149,162
output_0000192.png,30,83,55,194,194,169,96,87,83,117,132,104,116,156,142,115,119,58,188,210,223,143,136,134,84,180,140
output_0000193.png,203,160,132,15,13,11,116,86,65,137,132,121,59,42,34,71,75,78,156,100,66,99,110,120,53,58,73
output_0000194.png,51,43,33,181,157,121,113,103,75,90,85,63,29,20,13,131,124,90,131,116,92,18,16,10,86,76,68
output_0000195.png,14,18,13,132,119,117,73,69,64,37,34,27,42,45,37,96,96,112,51,57,60,86,110,84,44,71,51
output_0000196.png,194,195,198,42,41,34,132,137,131,156,168,172,111,122,118,96,96,84,80,88,80,97,106,111,155,164,150
output_0000197.png,197,183,166,77,80,61,140,131,109,21,25,23,105,129,89,36,35,33,158,174,160,156,159,167,109,112,109
output_0000198.png,160,148,124,50,60,42,93,98,79,102,53,43,214,205,196,99,79,48,220,166,143,214,206,173,141,90,72
output_0000199.png,198,185,173,88,82,63,26,30,30,163,155,134,169,167,170,155,129,98,178,180,183,138,133,104,60,41,32
output_0000200.png,188,161,133,61,71,41,136,55,40,115,114,78,196,93,81,142,83,49,158,124,79,231,216,202,228,216,179
output_0000201.png,68,56,42,186,172,171,128,100,80,13,14,15,153,151,161,99,112,83,155,156,144,29,19,21,96,94,101
output_0000202.png,110,85,69,40,44,46,198,165,143,163,154,140,173,112,71,186,180,164,174,167,166,70,33,38,144,134,111
output_0000203.png,64,59,59,127,107,92,172,155,143,106,108,103,140,146,173,150,167,181,90,94,124,18,26,26,28,20,20
output_0000204.png,118,99,80,209,203,202,55,46,40,178,168,163,205,190,175,171,148,126,80,50,41,206,176,159,91,61,43
output_0000205.png,182,160,144,20,19,19,107,87,71,114,158,167,63,48,37,117,125,142,66,94,90,146,63,28,61,72,91
output_0000206.png,82,69,59,179,151,125,145,124,103,148,151,145,158,164,151,44,25,21,19,15,14,120,120,108,104,103,102
output_0000207.png,99,70,48,14,13,15,181,166,145,73,48,35,127,113,94,82,78,71,136,142,137,128,130,141,76,68,84
output_0000208.png,89,67,58,208,173,154,20,19,18,149,95,80,143,136,122,165,169,162,117,108,112,141,150,157,46,27,24
output_0000209.png,80,61,42,159,129,104,136,107,86,147,124,99,20,15,13,110,93,79,45,27,21,114,92,67,126,115,108
output_0000210.png,186,175,169,46,41,31,125,114,100,155,156,148,99,100,92,90,80,70,149,147,149,95,91,92,174,82,74
output_0000211.png,85,73,57,190,138,110,24,25,20,158,101,79,139,138,115,116,122,111,49,27,20,166,173,127,153,159,157
output_0000212.png,110,77,59,26,25,23,209,163,131,161,133,104,158,106,83,175,167,146,136,111,111,169,154,156,57,26,22
output_0000213.png,111,77,59,27,25,23,209,163,130,160,133,105,158,105,83,173,168,144,134,112,111,58,26,22,169,152,156
output_0000214.png,172,136,112,28,28,26,125,96,75,77,61,49,144,149,128,84,96,78,127,130,152,174,59,52,79,79,96
output_0000215.png,165,122,99,118,84,68,17,18,17,67,54,44,221,196,164,81,86,77,136,154,134,127,136,143,71,72,85
output_0000216.png,46,38,31,184,178,174,142,114,94,100,86,73,163,164,159,114,109,99,159,155,156,108,99,100,172,108,86
output_0000217.png,131,91,72,182,140,113,22,21,21,86,60,46,147,153,123,92,96,74,133,132,151,73,70,88,165,68,60
output_0000218.png,158,118,91,105,79,62,14,16,15,52,47,37,124,124,118,222,202,154,127,142,127,66,76,64,62,66,69
output_0000219.png,98,75,58,26,26,23,199,175,153,154,144,120,172,174,156,158,110,88,138,120,110,162,161,157,56,26,21
output_0000220.png,48,38,28,180,176,164,127,105,89,97,94,79,87,76,61,141,153,120,74,69,56,89,83,76,143,129,124
output_0000221.png,44,40,32,190,155,118,143,163,151,132,126,109,111,121,110,98,94,77,100,105,103,82,86,71,127,144,150
output_0000222.png,183,177,159,68,59,48,144,131,108,159,159,136,156,168,164,107,114,104,23,19,14,91,97,101,176,128,76
output_0000223.png,11,11,12,146,168,169,117,141,143,83,85,79,53,39,32,101,122,125,62,82,84,53,65,71,34,46,48
output_0000224.png,43,35,27,175,164,135,128,102,77,136,165,129,87,100,77,89,67,48,123,135,138,76,83,84,156,92,84
output_0000225.png,172,147,121,16,14,13,147,109,86,99,83,70,83,56,44,56,48,40,166,189,202,104,121,134,72,64,78
output_0000226.png,43,34,28,193,174,150,141,161,136,134,108,85,92,68,50,97,107,79,125,138,144,87,82,84,164,92,87
output_0000227.png,36,30,25,199,194,169,119,103,78,76,65,51,139,152,139,90,94,84,156,108,82,127,135,149,82,83,92
output_0000228.png,208,215,208,35,32,26,111,109,94,76,72,60,141,155,150,90,93,79,126,138,142,82,83,84,158,116,88
output_0000229.png,186,183,170,166,169,156,145,134,110,26,22,18,144,152,150,98,111,104,88,74,61,80,86,88,188,108,84
output_0000230.png,193,177,146,74,64,52,145,130,105,155,171,158,19,15,15,109,120,108,90,100,106,75,128,191,38,19,18
output_0000231.png,170,146,121,41,37,32,124,93,75,112,108,140,145,143,126,92,70,57,97,94,84,81,73,101,156,84,68
output_0000232.png,105,85,67,195,201,184,37,40,37,172,178,156,165,114,86,195,137,107,151,157,136,64,43,36,132,137,110
output_0000233.png,183,159,131,38,35,31,133,102,82,95,76,58,103,106,88,126,120,159,153,159,140,81,74,109,164,76,68
output_0000234.png,193,198,184,98,82,67,197,140,108,172,178,156,33,39,37,168,117,88,150,156,134,134,138,108,55,35,31
output_0000235.png,142,112,70,44,33,23,193,193,175,178,176,160,81,61,41,158,156,133,69,43,29,189,157,93,207,169,97
output_0000236.png,180,152,120,35,32,29,120,90,71,84,70,53,73,66,92,147,151,129,90,93,80,139,118,144,164,76,60
output_0000237.png,189,186,158,69,49,43,150,151,136,124,125,147,79,80,104,137,120,96,102,105,118,26,21,18,164,92,70
output_0000238.png,177,147,116,33,30,28,117,87,69,80,67,52,73,66,92,90,93,79,132,111,136,139,143,122,148,68,52
output_0000239.png,70,51,47,184,186,165,151,152,135,138,121,97,102,105,121,81,84,109,126,129,152,25,21,18,164,100,75
output_0000240.png,178,142,111,31,27,26,117,88,70,77,62,50,67,61,85,88,86,75,125,107,131,134,134,118,148,68,52
output_0000241.png,68,56,57,184,186,164,151,155,131,136,119,96,78,85,111,105,107,110,26,27,27,135,134,148,164,92,72
output_0000242.png,182,135,101,23,21,25,114,79,65,69,56,52,81,88,81,67,62,91,129,115,145,139,141,118,148,60,44
output_0000243.png,96,93,83,191,168,151,25,26,24,53,38,31,164,147,125,154,179,170,67,55,34,141,153,183,210,70,53
output_0000244.png,171,149,133,110,90,77,10,9,9,136,141,135,68,83,73,55,49,46,108,118,145,50,58,93,150,60,50
output_0000245.png,127,130,120,31,32,31,211,203,192,95,67,48,72,79,81,71,48,36,109,80,64,165,177,182,174,188,189
output_0000246.png,53,53,55,204,180,163,158,122,100,113,125,120,175,175,175,117,84,66,80,102,121,160,161,174,197,77,56
output_0000247.png,193,150,123,50,50,50,153,113,87,168,168,170,107,82,65,105,120,116,156,153,160,82,101,115,188,58,60
output_0000248.png,89,94,75,201,167,142,134,152,142,152,125,90,30,28,24,160,187,174,55,39,33,111,146,110,152,162,176
output_0000249.png,177,150,110,45,47,40,127,112,87,86,73,53,97,110,119,86,96,106,130,142,156,146,157,154,172,76,36
output_0000250.png,136,115,95,101,43,36,52,36,27,126,63,43,88,83,61,167,160,135,203,203,192,199,157,136,178,174,186
output_0000251.png,99,76,57,167,180,188,33,34,32,144,144,122,147,158,172,202,171,151,109,113,117,62,26,23,158,86,64
output_0000252.png,120,101,80,47,54,49,164,176,187,152,156,148,174,189,202,152,150,119,171,86,73,199,85,75,101,42,34
output_0000253.png,201,170,148,77,56,40,149,132,107,23,21,18,139,108,75,166,165,165,115,98,76,159,153,157,127,112,103
output_0000254.png,168,133,115,33,27,23,118,87,69,133,131,134,76,57,41,87,80,71,131,124,113,151,76,50,65,67,76
output_0000255.png,121,104,81,22,20,18,206,188,167,62,40,28,80,55,34,71,60,48,160,152,160,153,145,128,172,172,165
output_0000256.png,120,102,82,191,185,194,27,24,22,181,134,108,83,64,48,96,85,66,146,142,141,94,93,99,116,124,156
output_0000257.png,190,166,160,28,25,23,128,104,83,106,96,77,91,72,54,160,158,163,147,144,153,184,63,44,84,77,97
output_0000258.png,48,37,27,196,140,96,143,103,73,95,77,54,112,102,78,209,205,203,160,159,151,153,151,135,100,88,94
output_0000259.png,183,168,164,59,40,30,130,114,100,148,143,152,106,102,96,15,13,12,96,83,72,154,156,162,99,91,93
output_0000260.png,169,149,139,26,20,16,111,79,61,138,137,142,69,51,39,129,123,133,80,78,74,67,68,76,148,84,60
output_0000261.png,69,53,38,173,176,178,104,105,100,124,106,91,173,128,102,193,149,121,9,9,9,95,91,92,39,19,16
output_0000262.png,165,142,132,27,20,16,98,69,54,65,48,36,123,121,124,118,116,115,70,68,64,67,70,77,132,76,52
output_0000263.png,82,66,52,170,175,178,20,18,16,171,129,105,114,116,112,133,106,83,106,108,99,56,27,20,144,148,139
output_0000264.png,177,162,147,30,23,18,116,91,74,77,57,42,138,135,135,147,148,145,89,86,82,77,74,76,170,68,44
output_0000265.png,40,37,30,182,137,98,141,108,77,100,88,73,112,109,101,80,79,71,94,97,102,145,153,166,164,164,146
output_0000266.png,197,184,167,32,29,26,124,110,94,145,156,158,125,137,142,93,101,99,84,67,53,77,82,86,164,92,68
output_0000267.png,117,100,76,174,145,123,23,21,17,146,151,124,57,62,42,47,33,25,151,139,132,60,46,27,165,84,62
output_0000268.png,64,61,50,173,156,134,178,180,186,135,126,101,149,158,126,16,15,14,102,112,72,99,108,113,28,19,18
output_0000269.png,192,174,148,45,43,32,137,119,89,148,160,122,97,119,71,93,79,57,99,98,93,142,146,148,172,92,72
output_0000270.png,120,114,91,30,25,19,146,154,160,58,40,27,189,165,139,68,73,55,73,56,34,99,70,49,168,172,154
output_0000271.png,49,47,35,192,173,147,142,125,94,152,166,125,105,128,79,100,87,65,146,155,156,105,105,101,172,76,44
output_0000272.png,49,48,36,192,171,143,148,160,119,142,120,89,103,121,78,100,84,65,141,147,148,102,99,100,172,84,52
output_0000273.png,46,43,36,189,178,143,158,141,107,199,203,183,169,166,129,108,126,121,109,84,61,108,115,85,180,108,76
output_0000274.png,115,111,79,197,189,185,35,34,24,66,49,38,162,145,108,169,167,172,66,65,34,178,190,187,145,157,131
output_0000275.png,99,81,54,123,121,112,142,119,81,142,135,118,152,153,158,39,24,8,207,204,181,52,27,9,171,172,165
output_0000276.png,92,70,49,20,16,14,144,138,116,166,166,154,192,178,154,155,155,158,126,110,101,45,27,20,141,108,77
output_0000277.png,184,178,153,38,26,17,139,126,103,161,167,147,151,152,143,101,72,51,104,89,91,114,112,90,80,70,49
output_0000278.png,128,98,67,50,37,24,154,148,125,83,62,39,74,42,26,146,140,106,179,170,167,195,191,185,196,164,137
output_0000279.png,73,58,39,122,97,65,178,154,127,18,19,16,148,151,157,152,164,161,88,91,95,105,110,98,37,19,12
output_0000280.png,70,62,49,189,182,170,151,151,138,133,125,106,113,111,96,21,19,16,99,97,93,136,138,142,164,116,98
output_0000281.png,170,145,127,29,28,24,120,105,83,86,74,56,139,142,154,147,156,157,97,102,92,63,72,71,84,87,93
output_0000282.png,73,59,44,189,178,163,141,127,104,160,158,143,117,115,98,148,146,141,25,22,17,102,98,94,173,124,96
output_0000283.png,171,147,131,117,103,83,26,25,22,78,69,54,140,143,154,147,156,157,59,71,73,81,85,92,87,103,95
output_0000284.png,36,29,24,138,165,185,184,159,127,139,80,57,100,62,40,104,113,105,127,144,161,88,89,95,164,156,84
output_0000285.png,65,89,38,194,205,217,160,184,201,129,159,168,106,139,136,127,150,129,19,31,10,113,140,80,174,180,196
output_0000286.png,135,169,169,189,167,146,27,22,18,136,77,59,90,109,63,167,50,36,80,55,40,124,138,141,80,81,86
output_0000287.png,69,85,62,115,140,98,169,184,158,25,31,23,159,158,137,27,44,28,104,121,108,117,122,95,146,163,148
output_0000288.png,35,29,23,137,150,163,141,108,54,216,209,207,80,57,44,95,101,87,174,188,216,194,205,227,177,161,145
output_0000289.png,174,55,43,187,194,198,47,38,34,151,107,84,120,127,133,170,125,103,174,145,121,244,215,210,80,116,164
output_0000290.png,83,117,148,196,203,216,155,169,193,57,42,35,114,85,59,180,132,96,172,196,216,36,72,100,124,148,196
output_0000291.png,199,199,205,50,71,85,100,127,154,137,52,41,135,150,172,105,90,77,157,155,164,136,118,114,158,139,125
output_0000292.png,76,64,48,172,149,134,134,109,90,17,18,16,150,168,172,140,153,159,82,120,97,39,26,22,101,104,102
output_0000293.png,45,44,35,194,195,192,159,132,109,119,100,81,83,66,51,139,148,134,90,100,89,90,90,92,116,156,156
output_0000294.png,45,43,36,196,196,194,159,131,107,121,102,84,83,66,52,140,148,135,132,144,148,91,100,88,88,92,92
output_0000295.png,160,152,140,23,21,18,109,80,61,131,132,120,73,50,37,82,78,68,140,84,61,124,124,132,63,68,77
output_0000296.png,106,99,76,33,31,25,169,164,166,197,190,172,173,182,152,163,157,132,55,42,32,70,54,35,142,152,113
output_0000297.png,194,200,204,113,96,58,49,46,28,160,165,171,161,134,89,157,145,116,72,42,18,200,162,114,143,141,88
output_0000298.png,151,137,95,44,43,38,76,55,42,83,95,83,166,186,194,123,86,60,230,211,137,92,71,35,196,204,164
output_0000299.png,192,162,109,76,72,57,149,131,90,114,131,91,17,19,18,80,96,120,96,129,178,165,174,152,195,67,62
output_0000300.png,52,64,72,132,140,88,221,232,236,122,91,75,122,141,129,199,179,135,179,160,125,173,186,183,84,156,236
output_0000301.png,194,180,150,80,65,46,144,123,90,151,173,165,105,123,174,69,72,116,117,121,93,22,27,27,42,26,17
output_0000302.png,194,179,141,76,69,50,153,137,101,164,174,136,22,26,19,74,106,105,108,132,109,207,68,48,144,149,163
output_0000303.png,46,59,50,202,212,213,110,106,86,104,47,38,171,163,157,175,154,125,210,190,149,189,199,174,93,79,40
output_0000304.png,98,99,79,203,180,148,174,158,123,33,45,62,177,191,180,64,48,43,143,158,192,106,132,145,81,68,34
output_0000305.png,204,192,172,100,99,86,163,129,91,32,30,28,60,41,30,78,54,34,134,149,131,173,176,177,173,196,196
output_0000306.png,60,62,46,200,188,188,160,124,91,163,165,175,174,183,189,117,142,96,118,93,65,100,118,114,188,100,73
output_0000307.png,190,171,159,47,42,34,150,122,93,167,160,134,114,108,84,168,165,164,102,79,60,181,114,74,97,88,101
output_0000308.png,61,63,47,199,187,187,160,124,91,162,165,177,175,183,194,118,141,97,118,94,66,101,119,113,188,88,76
output_0000309.png,190,168,153,46,41,33,145,115,88,167,159,133,110,105,84,168,165,166,95,76,59,190,128,60,92,87,105
output_0000310.png,118,103,75,189,195,211,44,42,33,80,54,40,167,167,174,178,121,84,220,179,151,189,193,179,60,100,58
output_0000311.png,190,168,148,46,42,32,145,116,85,167,160,131,110,105,80,168,166,165,95,77,58,184,118,65,88,86,107
output_0000312.png,204,164,121,57,48,34,144,119,88,79,119,77,147,170,130,99,69,52,128,140,167,190,70,59,72,83,116
output_0000313.png,59,77,52,202,195,178,148,124,92,113,137,104,91,108,114,107,104,76,166,181,155,30,21,15,136,157,178
output_0000314.png,197,161,119,50,42,30,137,116,87,74,112,71,138,160,119,92,69,52,114,130,142,187,69,60,80,86,91
output_0000315.png,55,70,46,191,171,148,143,116,85,102,129,97,97,111,105,156,174,145,100,90,65,30,21,15,139,156,160
output_0000316.png,45,43,33,200,190,181,140,129,98,108,113,90,159,167,149,102,92,66,149,147,169,80,85,108,174,84,56
output_0000317.png,149,124,97,214,216,215,212,208,165,42,37,31,176,167,155,88,57,45,209,172,140,93,76,64,112,78,42
output_0000318.png,108,83,55,189,198,197,142,136,129,35,31,21,164,168,168,145,137,95,151,115,77,62,35,21,189,148,119
output_0000319.png,97,76,55,194,192,189,30,29,27,175,177,177,147,143,122,154,157,162,120,116,115,150,113,79,58,27,21
output_0000320.png,95,75,48,174,182,180,179,144,104,34,39,31,145,134,106,181,165,132,147,102,66,107,111,104,59,27,16
output_0000321.png,144,114,66,28,23,19,79,54,36,148,151,127,204,171,78,160,168,187,85,77,65,184,166,68,57,68,100
output_0000322.png,86,70,49,192,189,179,25,27,24,160,181,188,146,140,116,137,155,168,144,98,62,98,106,116,45,27,18
output_0000323.png,201,196,183,45,47,40,150,115,79,161,178,174,112,86,58,99,125,119,46,92,120,113,153,171,72,88,78
output_0000324.png,111,78,52,32,27,22,163,154,137,175,167,170,185,181,176,208,197,181,160,127,87,145,136,98,65,34,22
output_0000325.png,176,152,120,35,27,20,127,99,67,143,152,138,80,62,44,87,115,160,82,95,89,54,69,96,165,62,44
output_0000326.png,142,142,105,92,156,195,70,44,28,42,53,62,191,172,79,117,90,41,98,82,64,77,109,133,177,183,119
output_0000327.png,100,78,52,38,42,34,186,190,186,156,157,157,155,110,70,139,134,122,183,150,123,155,136,93,67,33,20
output_0000328.png,83,68,49,174,160,143,26,30,27,144,153,159,133,124,108,139,105,76,117,113,81,147,149,122,51,24,18
output_0000329.png,122,98,91,174,182,191,43,37,38,168,166,159,137,140,143,175,149,141,69,59,59,63,43,44,63,42,35
output_0000330.png,16,19,19,124,130,129,85,92,93,66,70,75,161,172,169,110,103,103,104,107,116,156,155,155,141,155,164
output_0000331.png,147,154,149,43,62,56,213,210,200,83,107,107,86,83,63,73,65,52,109,180,209,106,102,96,190,205,202
output_0000332.png,40,39,33,184,173,149,126,105,76,94,75,52,153,164,160,151,154,153,85,91,94,68,78,76,103,113,102
output_0000333.png,181,165,150,40,37,32,137,108,83,161,162,158,157,157,146,95,70,52,104,103,93,172,119,75,86,90,102
output_0000334.png,37,35,29,185,171,156,133,111,79,89,72,48,149,159,158,70,70,53,102,104,95,123,138,154,85,89,95
output_0000335.png,81,58,41,190,181,169,23,24,22,165,169,166,144,137,121,146,147,163,114,104,109,116,99,71,145,106,72
output_0000336.png,46,43,40,196,168,129,147,119,89,107,85,69,110,125,132,116,142,168,168,175,156,90,100,115,180,84,76
output_0000337.png,178,181,193,126,100,77,25,27,27,176,177,147,138,139,146,185,147,107,67,60,55,60,41,32,91,56,27
output_0000338.png,27,23,17,191,182,177,145,122,95,156,149,156,168,168,174,115,108,89,102,73,47,94,88,89,184,78,52
output_0000339.png,107,83,59,156,149,131,6,7,6,129,142,139,55,46,36,118,128,143,67,76,76,60,63,80,140,68,52
output_0000340.png,186,170,152,79,67,59,25,24,23,156,145,128,158,157,170,142,105,77,119,117,122,171,172,182,47,27,21
output_0000341.png,19,19,21,116,80,58,180,177,193,177,139,118,135,129,112,52,34,30,154,149,128,60,46,41,129,119,95
output_0000342.png,165,160,172,129,90,69,21,17,17,163,117,94,86,54,41,105,78,58,142,134,122,100,96,99,108,108,140
output_0000343.png,173,149,145,117,74,55,28,25,24,79,56,43,147,149,161,140,136,152,89,94,104,78,79,96,179,57,56
output_0000344.png,155,162,161,126,133,46,48,50,40,120,134,82,146,69,84,226,135,122,115,108,115,106,128,130,188,171,205
output_0000345.png,155,152,141,44,48,44,96,48,37,223,165,137,176,186,198,79,84,76,201,197,167,135,88,64,153,79,41
output_0000346.png,96,72,55,207,122,92,28,31,27,170,169,167,164,78,62,159,130,103,229,191,160,143,144,145,99,103,104
output_0000347.png,171,179,166,29,25,20,93,58,46,118,82,60,94,104,96,138,103,83,159,134,103,226,191,158,60,108,132
output_0000348.png,214,220,206,99,90,75,27,24,23,136,139,132,168,174,162,151,108,82,57,34,29,130,134,112,159,160,166
output_0000349.png,164,187,176,105,78,65,227,152,126,29,31,30,130,148,137,169,96,76,76,31,26,139,162,166,125,146,103
output_0000350.png,215,230,217,100,95,81,29,28,28,173,187,175,136,146,141,58,41,36,152,113,87,156,167,174,131,141,120
output_0000351.png,154,154,141,41,49,45,103,49,37,89,86,74,216,169,133,193,197,167,178,187,207,131,96,75,136,77,45
output_0000352.png,96,82,72,206,168,124,30,39,37,163,165,178,153,153,148,157,105,75,173,184,188,131,135,116,78,33,23
output_0000353.png,100,94,79,221,221,218,33,37,37,139,139,141,181,185,174,70,41,35,153,155,182,163,140,102,202,92,61
output_0000354.png,99,85,74,212,163,110,166,166,176,30,34,33,167,107,65,151,151,151,179,183,189,137,135,115,69,31,20
output_0000355.png,49,47,37,171,168,153,106,86,60,91,60,47,104,99,87,134,109,84,199,211,221,230,213,170,207,221,188
output_0000356.png,129,122,99,210,205,182,34,27,22,67,37,29,172,178,161,141,66,31,148,159,167,65,73,62,191,94,42
output_0000357.png,42,42,32,174,172,160,85,58,46,104,84,54,97,92,79,129,105,81,198,212,222,150,138,97,228,215,175
output_0000358.png,196,187,164,47,46,39,124,67,42,106,110,92,122,94,59,230,224,220,156,146,98,144,150,141,141,116,88
